date,Cheap ,Flights,Best airlines,Travel,luggage,luggage weight,suitcase,carry on,precheck,RV,train,bus,car,road
2018-01-07,13,52,0,3,78,5,2,54,2,1,87,73,39,10
2018-01-08,13,52,0,3,78,5,2,54,2,1,87,73,39,10
2018-01-09,13,52,0,3,78,5,2,54,2,1,87,73,39,10
2018-01-10,13,52,0,3,78,5,2,54,2,1,87,73,39,10
2018-01-11,13,52,0,3,78,5,2,54,2,1,87,73,39,10
2018-01-12,13,52,0,3,78,5,2,54,2,1,87,73,39,10
2018-01-13,13,52,0,3,78,5,2,54,2,1,87,73,39,10
2018-01-14,11,51,0,2,72,4,2,49,2,1,84,69,39,10
2018-01-15,11,51,0,2,72,4,2,49,2,1,84,69,39,10
2018-01-16,11,51,0,2,72,4,2,49,2,1,84,69,39,10
2018-01-17,11,51,0,2,72,4,2,49,2,1,84,69,39,10
2018-01-18,11,51,0,2,72,4,2,49,2,1,84,69,39,10
2018-01-19,11,51,0,2,72,4,2,49,2,1,84,69,39,10
2018-01-20,11,51,0,2,72,4,2,49,2,1,84,69,39,10
2018-01-21,11,47,0,2,70,4,2,47,2,1,86,71,34,10
2018-01-22,11,47,0,2,70,4,2,47,2,1,86,71,34,10
2018-01-23,11,47,0,2,70,4,2,47,2,1,86,71,34,10
2018-01-24,11,47,0,2,70,4,2,47,2,1,86,71,34,10
2018-01-25,11,47,0,2,70,4,2,47,2,1,86,71,34,10
2018-01-26,11,47,0,2,70,4,2,47,2,1,86,71,34,10
2018-01-27,11,47,0,2,70,4,2,47,2,1,86,71,34,10
2018-01-28,11,47,0,2,70,4,3,48,2,1,80,67,36,10
2018-01-29,11,47,0,2,70,4,3,48,2,1,80,67,36,10
2018-01-30,11,47,0,2,70,4,3,48,2,1,80,67,36,10
2018-01-31,11,47,0,2,70,4,3,48,2,1,80,67,36,10
2018-02-01,11,47,0,2,70,4,3,48,2,1,80,67,36,10
2018-02-02,11,47,0,2,70,4,3,48,2,1,80,67,36,10
2018-02-03,11,47,0,2,70,4,3,48,2,1,80,67,36,10
2018-02-04,11,46,0,2,73,4,2,51,2,1,86,69,37,10
2018-02-05,11,46,0,2,73,4,2,51,2,1,86,69,37,10
2018-02-06,11,46,0,2,73,4,2,51,2,1,86,69,37,10
2018-02-07,11,46,0,2,73,4,2,51,2,1,86,69,37,10
2018-02-08,11,46,0,2,73,4,2,51,2,1,86,69,37,10
2018-02-09,11,46,0,2,73,4,2,51,2,1,86,69,37,10
2018-02-10,11,46,0,2,73,4,2,51,2,1,86,69,37,10
2018-02-11,11,45,0,2,69,4,2,52,2,1,83,71,37,10
2018-02-12,11,45,0,2,69,4,2,52,2,1,83,71,37,10
2018-02-13,11,45,0,2,69,4,2,52,2,1,83,71,37,10
2018-02-14,11,45,0,2,69,4,2,52,2,1,83,71,37,10
2018-02-15,11,45,0,2,69,4,2,52,2,1,83,71,37,10
2018-02-16,11,45,0,2,69,4,2,52,2,1,83,71,37,10
2018-02-17,11,45,0,2,69,4,2,52,2,1,83,71,37,10
2018-02-18,12,46,0,2,67,4,2,57,2,1,87,69,40,10
2018-02-19,12,46,0,2,67,4,2,57,2,1,87,69,40,10
2018-02-20,12,46,0,2,67,4,2,57,2,1,87,69,40,10
2018-02-21,12,46,0,2,67,4,2,57,2,1,87,69,40,10
2018-02-22,12,46,0,2,67,4,2,57,2,1,87,69,40,10
2018-02-23,12,46,0,2,67,4,2,57,2,1,87,69,40,10
2018-02-24,12,46,0,2,67,4,2,57,2,1,87,69,40,10
2018-02-25,12,52,0,3,69,4,2,56,2,1,89,75,40,11
2018-02-26,12,52,0,3,69,4,2,56,2,1,89,75,40,11
2018-02-27,12,52,0,3,69,4,2,56,2,1,89,75,40,11
2018-02-28,12,52,0,3,69,4,2,56,2,1,89,75,40,11
2018-03-01,12,52,0,3,69,4,2,56,2,1,89,75,40,11
2018-03-02,12,52,0,3,69,4,2,56,2,1,89,75,40,11
2018-03-03,12,52,0,3,69,4,2,56,2,1,89,75,40,11
2018-03-04,12,55,0,2,66,5,3,57,2,1,87,66,40,10
2018-03-05,12,55,0,2,66,5,3,57,2,1,87,66,40,10
2018-03-06,12,55,0,2,66,5,3,57,2,1,87,66,40,10
2018-03-07,12,55,0,2,66,5,3,57,2,1,87,66,40,10
2018-03-08,12,55,0,2,66,5,3,57,2,1,87,66,40,10
2018-03-09,12,55,0,2,66,5,3,57,2,1,87,66,40,10
2018-03-10,12,55,0,2,66,5,3,57,2,1,87,66,40,10
2018-03-11,12,47,0,2,78,4,2,59,2,1,82,65,39,10
2018-03-12,12,47,0,2,78,4,2,59,2,1,82,65,39,10
2018-03-13,12,47,0,2,78,4,2,59,2,1,82,65,39,10
2018-03-14,12,47,0,2,78,4,2,59,2,1,82,65,39,10
2018-03-15,12,47,0,2,78,4,2,59,2,1,82,65,39,10
2018-03-16,12,47,0,2,78,4,2,59,2,1,82,65,39,10
2018-03-17,12,47,0,2,78,4,2,59,2,1,82,65,39,10
2018-03-18,11,47,0,2,72,4,3,60,2,1,86,67,41,10
2018-03-19,11,47,0,2,72,4,3,60,2,1,86,67,41,10
2018-03-20,11,47,0,2,72,4,3,60,2,1,86,67,41,10
2018-03-21,11,47,0,2,72,4,3,60,2,1,86,67,41,10
2018-03-22,11,47,0,2,72,4,3,60,2,1,86,67,41,10
2018-03-23,11,47,0,2,72,4,3,60,2,1,86,67,41,10
2018-03-24,11,47,0,2,72,4,3,60,2,1,86,67,41,10
2018-03-25,11,46,0,2,82,5,3,60,2,1,91,72,43,11
2018-03-26,11,46,0,2,82,5,3,60,2,1,91,72,43,11
2018-03-27,11,46,0,2,82,5,3,60,2,1,91,72,43,11
2018-03-28,11,46,0,2,82,5,3,60,2,1,91,72,43,11
2018-03-29,11,46,0,2,82,5,3,60,2,1,91,72,43,11
2018-03-30,11,46,0,2,82,5,3,60,2,1,91,72,43,11
2018-03-31,11,46,0,2,82,5,3,60,2,1,91,72,43,11
2018-04-01,11,47,0,2,76,4,3,56,2,1,88,75,42,11
2018-04-02,11,47,0,2,76,4,3,56,2,1,88,75,42,11
2018-04-03,11,47,0,2,76,4,3,56,2,1,88,75,42,11
2018-04-04,11,47,0,2,76,4,3,56,2,1,88,75,42,11
2018-04-05,11,47,0,2,76,4,3,56,2,1,88,75,42,11
2018-04-06,11,47,0,2,76,4,3,56,2,1,88,75,42,11
2018-04-07,11,47,0,2,76,4,3,56,2,1,88,75,42,11
2018-04-08,11,45,0,2,75,5,3,58,2,1,85,70,41,10
2018-04-09,11,45,0,2,75,5,3,58,2,1,85,70,41,10
2018-04-10,11,45,0,2,75,5,3,58,2,1,85,70,41,10
2018-04-11,11,45,0,2,75,5,3,58,2,1,85,70,41,10
2018-04-12,11,45,0,2,75,5,3,58,2,1,85,70,41,10
2018-04-13,11,45,0,2,75,5,3,58,2,1,85,70,41,10
2018-04-14,11,45,0,2,75,5,3,58,2,1,85,70,41,10
2018-04-15,11,43,0,2,66,4,3,58,2,1,91,72,40,10
2018-04-16,11,43,0,2,66,4,3,58,2,1,91,72,40,10
2018-04-17,11,43,0,2,66,4,3,58,2,1,91,72,40,10
2018-04-18,11,43,0,2,66,4,3,58,2,1,91,72,40,10
2018-04-19,11,43,0,2,66,4,3,58,2,1,91,72,40,10
2018-04-20,11,43,0,2,66,4,3,58,2,1,91,72,40,10
2018-04-21,11,43,0,2,66,4,3,58,2,1,91,72,40,10
2018-04-22,11,44,0,2,76,5,2,58,2,1,88,75,39,11
2018-04-23,11,44,0,2,76,5,2,58,2,1,88,75,39,11
2018-04-24,11,44,0,2,76,5,2,58,2,1,88,75,39,11
2018-04-25,11,44,0,2,76,5,2,58,2,1,88,75,39,11
2018-04-26,11,44,0,2,76,5,2,58,2,1,88,75,39,11
2018-04-27,11,44,0,2,76,5,2,58,2,1,88,75,39,11
2018-04-28,11,44,0,2,76,5,2,58,2,1,88,75,39,11
2018-04-29,11,44,0,2,78,5,3,57,3,1,93,71,42,10
2018-04-30,11,44,0,2,78,5,3,57,3,1,93,71,42,10
2018-05-01,11,44,0,2,78,5,3,57,3,1,93,71,42,10
2018-05-02,11,44,0,2,78,5,3,57,3,1,93,71,42,10
2018-05-03,11,44,0,2,78,5,3,57,3,1,93,71,42,10
2018-05-04,11,44,0,2,78,5,3,57,3,1,93,71,42,10
2018-05-05,11,44,0,2,78,5,3,57,3,1,93,71,42,10
2018-05-06,11,45,0,2,76,4,2,57,3,1,91,73,42,11
2018-05-07,11,45,0,2,76,4,2,57,3,1,91,73,42,11
2018-05-08,11,45,0,2,76,4,2,57,3,1,91,73,42,11
2018-05-09,11,45,0,2,76,4,2,57,3,1,91,73,42,11
2018-05-10,11,45,0,2,76,4,2,57,3,1,91,73,42,11
2018-05-11,11,45,0,2,76,4,2,57,3,1,91,73,42,11
2018-05-12,11,45,0,2,76,4,2,57,3,1,91,73,42,11
2018-05-13,11,45,0,2,81,5,3,63,3,1,87,71,44,11
2018-05-14,11,45,0,2,81,5,3,63,3,1,87,71,44,11
2018-05-15,11,45,0,2,81,5,3,63,3,1,87,71,44,11
2018-05-16,11,45,0,2,81,5,3,63,3,1,87,71,44,11
2018-05-17,11,45,0,2,81,5,3,63,3,1,87,71,44,11
2018-05-18,11,45,0,2,81,5,3,63,3,1,87,71,44,11
2018-05-19,11,45,0,2,81,5,3,63,3,1,87,71,44,11
2018-05-20,11,44,0,2,83,6,4,66,3,1,97,74,44,11
2018-05-21,11,44,0,2,83,6,4,66,3,1,97,74,44,11
2018-05-22,11,44,0,2,83,6,4,66,3,1,97,74,44,11
2018-05-23,11,44,0,2,83,6,4,66,3,1,97,74,44,11
2018-05-24,11,44,0,2,83,6,4,66,3,1,97,74,44,11
2018-05-25,11,44,0,2,83,6,4,66,3,1,97,74,44,11
2018-05-26,11,44,0,2,83,6,4,66,3,1,97,74,44,11
2018-05-27,12,45,0,2,87,6,3,72,2,1,85,73,45,12
2018-05-28,12,45,0,2,87,6,3,72,2,1,85,73,45,12
2018-05-29,12,45,0,2,87,6,3,72,2,1,85,73,45,12
2018-05-30,12,45,0,2,87,6,3,72,2,1,85,73,45,12
2018-05-31,12,45,0,2,87,6,3,72,2,1,85,73,45,12
2018-06-01,12,45,0,2,87,6,3,72,2,1,85,73,45,12
2018-06-02,12,45,0,2,87,6,3,72,2,1,85,73,45,12
2018-06-03,12,48,0,2,88,6,4,68,2,1,94,72,45,11
2018-06-04,12,48,0,2,88,6,4,68,2,1,94,72,45,11
2018-06-05,12,48,0,2,88,6,4,68,2,1,94,72,45,11
2018-06-06,12,48,0,2,88,6,4,68,2,1,94,72,45,11
2018-06-07,12,48,0,2,88,6,4,68,2,1,94,72,45,11
2018-06-08,12,48,0,2,88,6,4,68,2,1,94,72,45,11
2018-06-09,12,48,0,2,88,6,4,68,2,1,94,72,45,11
2018-06-10,12,47,0,2,87,7,4,68,3,1,98,75,46,11
2018-06-11,12,47,0,2,87,7,4,68,3,1,98,75,46,11
2018-06-12,12,47,0,2,87,7,4,68,3,1,98,75,46,11
2018-06-13,12,47,0,2,87,7,4,68,3,1,98,75,46,11
2018-06-14,12,47,0,2,87,7,4,68,3,1,98,75,46,11
2018-06-15,12,47,0,2,87,7,4,68,3,1,98,75,46,11
2018-06-16,12,47,0,2,87,7,4,68,3,1,98,75,46,11
2018-06-17,11,48,0,2,88,6,3,72,3,1,100,75,45,11
2018-06-18,11,48,0,2,88,6,3,72,3,1,100,75,45,11
2018-06-19,11,48,0,2,88,6,3,72,3,1,100,75,45,11
2018-06-20,11,48,0,2,88,6,3,72,3,1,100,75,45,11
2018-06-21,11,48,0,2,88,6,3,72,3,1,100,75,45,11
2018-06-22,11,48,0,2,88,6,3,72,3,1,100,75,45,11
2018-06-23,11,48,0,2,88,6,3,72,3,1,100,75,45,11
2018-06-24,11,53,0,2,88,7,4,73,3,1,96,78,46,11
2018-06-25,11,53,0,2,88,7,4,73,3,1,96,78,46,11
2018-06-26,11,53,0,2,88,7,4,73,3,1,96,78,46,11
2018-06-27,11,53,0,2,88,7,4,73,3,1,96,78,46,11
2018-06-28,11,53,0,2,88,7,4,73,3,1,96,78,46,11
2018-06-29,11,53,0,2,88,7,4,73,3,1,96,78,46,11
2018-06-30,11,53,0,2,88,7,4,73,3,1,96,78,46,11
2018-07-01,11,52,0,2,90,6,3,68,3,1,93,75,45,11
2018-07-02,11,52,0,2,90,6,3,68,3,1,93,75,45,11
2018-07-03,11,52,0,2,90,6,3,68,3,1,93,75,45,11
2018-07-04,11,52,0,2,90,6,3,68,3,1,93,75,45,11
2018-07-05,11,52,0,2,90,6,3,68,3,1,93,75,45,11
2018-07-06,11,52,0,2,90,6,3,68,3,1,93,75,45,11
2018-07-07,11,52,0,2,90,6,3,68,3,1,93,75,45,11
2018-07-08,12,59,0,2,95,6,4,71,3,1,93,78,49,11
2018-07-09,12,59,0,2,95,6,4,71,3,1,93,78,49,11
2018-07-10,12,59,0,2,95,6,4,71,3,1,93,78,49,11
2018-07-11,12,59,0,2,95,6,4,71,3,1,93,78,49,11
2018-07-12,12,59,0,2,95,6,4,71,3,1,93,78,49,11
2018-07-13,12,59,0,2,95,6,4,71,3,1,93,78,49,11
2018-07-14,12,59,0,2,95,6,4,71,3,1,93,78,49,11
2018-07-15,12,57,0,2,94,7,4,74,2,1,91,75,49,12
2018-07-16,12,57,0,2,94,7,4,74,2,1,91,75,49,12
2018-07-17,12,57,0,2,94,7,4,74,2,1,91,75,49,12
2018-07-18,12,57,0,2,94,7,4,74,2,1,91,75,49,12
2018-07-19,12,57,0,2,94,7,4,74,2,1,91,75,49,12
2018-07-20,12,57,0,2,94,7,4,74,2,1,91,75,49,12
2018-07-21,12,57,0,2,94,7,4,74,2,1,91,75,49,12
2018-07-22,12,58,0,2,100,7,4,71,2,1,96,76,50,12
2018-07-23,12,58,0,2,100,7,4,71,2,1,96,76,50,12
2018-07-24,12,58,0,2,100,7,4,71,2,1,96,76,50,12
2018-07-25,12,58,0,2,100,7,4,71,2,1,96,76,50,12
2018-07-26,12,58,0,2,100,7,4,71,2,1,96,76,50,12
2018-07-27,12,58,0,2,100,7,4,71,2,1,96,76,50,12
2018-07-28,12,58,0,2,100,7,4,71,2,1,96,76,50,12
2018-07-29,12,58,0,2,91,6,4,67,3,1,94,79,47,13
2018-07-30,12,58,0,2,91,6,4,67,3,1,94,79,47,13
2018-07-31,12,58,0,2,91,6,4,67,3,1,94,79,47,13
2018-08-01,12,58,0,2,91,6,4,67,3,1,94,79,47,13
2018-08-02,12,58,0,2,91,6,4,67,3,1,94,79,47,13
2018-08-03,12,58,0,2,91,6,4,67,3,1,94,79,47,13
2018-08-04,12,58,0,2,91,6,4,67,3,1,94,79,47,13
2018-08-05,11,58,0,2,90,6,3,66,3,1,96,80,47,13
2018-08-06,11,58,0,2,90,6,3,66,3,1,96,80,47,13
2018-08-07,11,58,0,2,90,6,3,66,3,1,96,80,47,13
2018-08-08,11,58,0,2,90,6,3,66,3,1,96,80,47,13
2018-08-09,11,58,0,2,90,6,3,66,3,1,96,80,47,13
2018-08-10,11,58,0,2,90,6,3,66,3,1,96,80,47,13
2018-08-11,11,58,0,2,90,6,3,66,3,1,96,80,47,13
2018-08-12,11,59,0,2,87,5,4,73,2,1,97,83,44,13
2018-08-13,11,59,0,2,87,5,4,73,2,1,97,83,44,13
2018-08-14,11,59,0,2,87,5,4,73,2,1,97,83,44,13
2018-08-15,11,59,0,2,87,5,4,73,2,1,97,83,44,13
2018-08-16,11,59,0,2,87,5,4,73,2,1,97,83,44,13
2018-08-17,11,59,0,2,87,5,4,73,2,1,97,83,44,13
2018-08-18,11,59,0,2,87,5,4,73,2,1,97,83,44,13
2018-08-19,10,54,0,2,88,5,3,62,2,1,91,84,44,16
2018-08-20,10,54,0,2,88,5,3,62,2,1,91,84,44,16
2018-08-21,10,54,0,2,88,5,3,62,2,1,91,84,44,16
2018-08-22,10,54,0,2,88,5,3,62,2,1,91,84,44,16
2018-08-23,10,54,0,2,88,5,3,62,2,1,91,84,44,16
2018-08-24,10,54,0,2,88,5,3,62,2,1,91,84,44,16
2018-08-25,10,54,0,2,88,5,3,62,2,1,91,84,44,16
2018-08-26,11,52,0,2,83,5,3,56,3,1,87,81,41,11
2018-08-27,11,52,0,2,83,5,3,56,3,1,87,81,41,11
2018-08-28,11,52,0,2,83,5,3,56,3,1,87,81,41,11
2018-08-29,11,52,0,2,83,5,3,56,3,1,87,81,41,11
2018-08-30,11,52,0,2,83,5,3,56,3,1,87,81,41,11
2018-08-31,11,52,0,2,83,5,3,56,3,1,87,81,41,11
2018-09-01,11,52,0,2,83,5,3,56,3,1,87,81,41,11
2018-09-02,10,51,0,2,79,5,3,54,2,1,83,75,40,11
2018-09-03,10,51,0,2,79,5,3,54,2,1,83,75,40,11
2018-09-04,10,51,0,2,79,5,3,54,2,1,83,75,40,11
2018-09-05,10,51,0,2,79,5,3,54,2,1,83,75,40,11
2018-09-06,10,51,0,2,79,5,3,54,2,1,83,75,40,11
2018-09-07,10,51,0,2,79,5,3,54,2,1,83,75,40,11
2018-09-08,10,51,0,2,79,5,3,54,2,1,83,75,40,11
2018-09-09,9,51,0,2,72,5,2,54,2,1,81,76,39,10
2018-09-10,9,51,0,2,72,5,2,54,2,1,81,76,39,10
2018-09-11,9,51,0,2,72,5,2,54,2,1,81,76,39,10
2018-09-12,9,51,0,2,72,5,2,54,2,1,81,76,39,10
2018-09-13,9,51,0,2,72,5,2,54,2,1,81,76,39,10
2018-09-14,9,51,0,2,72,5,2,54,2,1,81,76,39,10
2018-09-15,9,51,0,2,72,5,2,54,2,1,81,76,39,10
2018-09-16,10,50,0,2,79,4,3,54,3,1,87,77,37,11
2018-09-17,10,50,0,2,79,4,3,54,3,1,87,77,37,11
2018-09-18,10,50,0,2,79,4,3,54,3,1,87,77,37,11
2018-09-19,10,50,0,2,79,4,3,54,3,1,87,77,37,11
2018-09-20,10,50,0,2,79,4,3,54,3,1,87,77,37,11
2018-09-21,10,50,0,2,79,4,3,54,3,1,87,77,37,11
2018-09-22,10,50,0,2,79,4,3,54,3,1,87,77,37,11
2018-09-23,10,52,0,2,68,4,3,54,2,1,85,77,38,11
2018-09-24,10,52,0,2,68,4,3,54,2,1,85,77,38,11
2018-09-25,10,52,0,2,68,4,3,54,2,1,85,77,38,11
2018-09-26,10,52,0,2,68,4,3,54,2,1,85,77,38,11
2018-09-27,10,52,0,2,68,4,3,54,2,1,85,77,38,11
2018-09-28,10,52,0,2,68,4,3,54,2,1,85,77,38,11
2018-09-29,10,52,0,2,68,4,3,54,2,1,85,77,38,11
2018-09-30,10,52,0,2,72,4,2,55,2,1,85,73,38,10
2018-10-01,10,52,0,2,72,4,2,55,2,1,85,73,38,10
2018-10-02,10,52,0,2,72,4,2,55,2,1,85,73,38,10
2018-10-03,10,52,0,2,72,4,2,55,2,1,85,73,38,10
2018-10-04,10,52,0,2,72,4,2,55,2,1,85,73,38,10
2018-10-05,10,52,0,2,72,4,2,55,2,1,85,73,38,10
2018-10-06,10,52,0,2,72,4,2,55,2,1,85,73,38,10
2018-10-07,10,52,0,2,72,4,2,53,2,1,90,73,38,10
2018-10-08,10,52,0,2,72,4,2,53,2,1,90,73,38,10
2018-10-09,10,52,0,2,72,4,2,53,2,1,90,73,38,10
2018-10-10,10,52,0,2,72,4,2,53,2,1,90,73,38,10
2018-10-11,10,52,0,2,72,4,2,53,2,1,90,73,38,10
2018-10-12,10,52,0,2,72,4,2,53,2,1,90,73,38,10
2018-10-13,10,52,0,2,72,4,2,53,2,1,90,73,38,10
2018-10-14,9,50,0,2,72,4,2,53,3,1,93,73,36,10
2018-10-15,9,50,0,2,72,4,2,53,3,1,93,73,36,10
2018-10-16,9,50,0,2,72,4,2,53,3,1,93,73,36,10
2018-10-17,9,50,0,2,72,4,2,53,3,1,93,73,36,10
2018-10-18,9,50,0,2,72,4,2,53,3,1,93,73,36,10
2018-10-19,9,50,0,2,72,4,2,53,3,1,93,73,36,10
2018-10-20,9,50,0,2,72,4,2,53,3,1,93,73,36,10
2018-10-21,9,51,0,2,60,3,2,50,2,1,91,69,35,10
2018-10-22,9,51,0,2,60,3,2,50,2,1,91,69,35,10
2018-10-23,9,51,0,2,60,3,2,50,2,1,91,69,35,10
2018-10-24,9,51,0,2,60,3,2,50,2,1,91,69,35,10
2018-10-25,9,51,0,2,60,3,2,50,2,1,91,69,35,10
2018-10-26,9,51,0,2,60,3,2,50,2,1,91,69,35,10
2018-10-27,9,51,0,2,60,3,2,50,2,1,91,69,35,10
2018-10-28,9,52,0,2,58,4,2,48,2,1,87,72,33,10
2018-10-29,9,52,0,2,58,4,2,48,2,1,87,72,33,10
2018-10-30,9,52,0,2,58,4,2,48,2,1,87,72,33,10
2018-10-31,9,52,0,2,58,4,2,48,2,1,87,72,33,10
2018-11-01,9,52,0,2,58,4,2,48,2,1,87,72,33,10
2018-11-02,9,52,0,2,58,4,2,48,2,1,87,72,33,10
2018-11-03,9,52,0,2,58,4,2,48,2,1,87,72,33,10
2018-11-04,9,51,0,2,61,3,2,52,2,1,89,72,34,10
2018-11-05,9,51,0,2,61,3,2,52,2,1,89,72,34,10
2018-11-06,9,51,0,2,61,3,2,52,2,1,89,72,34,10
2018-11-07,9,51,0,2,61,3,2,52,2,1,89,72,34,10
2018-11-08,9,51,0,2,61,3,2,52,2,1,89,72,34,10
2018-11-09,9,51,0,2,61,3,2,52,2,1,89,72,34,10
2018-11-10,9,51,0,2,61,3,2,52,2,1,89,72,34,10
2018-11-11,10,54,0,2,68,3,2,53,2,0,89,75,34,10
2018-11-12,10,54,0,2,68,3,2,53,2,0,89,75,34,10
2018-11-13,10,54,0,2,68,3,2,53,2,0,89,75,34,10
2018-11-14,10,54,0,2,68,3,2,53,2,0,89,75,34,10
2018-11-15,10,54,0,2,68,3,2,53,2,0,89,75,34,10
2018-11-16,10,54,0,2,68,3,2,53,2,0,89,75,34,10
2018-11-17,10,54,0,2,68,3,2,53,2,0,89,75,34,10
2018-11-18,9,50,0,2,67,3,3,56,3,0,84,68,35,9
2018-11-19,9,50,0,2,67,3,3,56,3,0,84,68,35,9
2018-11-20,9,50,0,2,67,3,3,56,3,0,84,68,35,9
2018-11-21,9,50,0,2,67,3,3,56,3,0,84,68,35,9
2018-11-22,9,50,0,2,67,3,3,56,3,0,84,68,35,9
2018-11-23,9,50,0,2,67,3,3,56,3,0,84,68,35,9
2018-11-24,9,50,0,2,67,3,3,56,3,0,84,68,35,9
2018-11-25,9,54,0,2,65,4,2,54,2,1,84,67,35,9
2018-11-26,9,54,0,2,65,4,2,54,2,1,84,67,35,9
2018-11-27,9,54,0,2,65,4,2,54,2,1,84,67,35,9
2018-11-28,9,54,0,2,65,4,2,54,2,1,84,67,35,9
2018-11-29,9,54,0,2,65,4,2,54,2,1,84,67,35,9
2018-11-30,9,54,0,2,65,4,2,54,2,1,84,67,35,9
2018-12-01,9,54,0,2,65,4,2,54,2,1,84,67,35,9
2018-12-02,9,51,0,2,65,4,2,52,2,0,84,70,33,9
2018-12-03,9,51,0,2,65,4,2,52,2,0,84,70,33,9
2018-12-04,9,51,0,2,65,4,2,52,2,0,84,70,33,9
2018-12-05,9,51,0,2,65,4,2,52,2,0,84,70,33,9
2018-12-06,9,51,0,2,65,4,2,52,2,0,84,70,33,9
2018-12-07,9,51,0,2,65,4,2,52,2,0,84,70,33,9
2018-12-08,9,51,0,2,65,4,2,52,2,0,84,70,33,9
2018-12-09,9,52,0,2,72,3,3,55,2,0,87,71,34,9
2018-12-10,9,52,0,2,72,3,3,55,2,0,87,71,34,9
2018-12-11,9,52,0,2,72,3,3,55,2,0,87,71,34,9
2018-12-12,9,52,0,2,72,3,3,55,2,0,87,71,34,9
2018-12-13,9,52,0,2,72,3,3,55,2,0,87,71,34,9
2018-12-14,9,52,0,2,72,3,3,55,2,0,87,71,34,9
2018-12-15,9,52,0,2,72,3,3,55,2,0,87,71,34,9
2018-12-16,9,54,0,2,79,5,3,67,3,0,86,75,39,10
2018-12-17,9,54,0,2,79,5,3,67,3,0,86,75,39,10
2018-12-18,9,54,0,2,79,5,3,67,3,0,86,75,39,10
2018-12-19,9,54,0,2,79,5,3,67,3,0,86,75,39,10
2018-12-20,9,54,0,2,79,5,3,67,3,0,86,75,39,10
2018-12-21,9,54,0,2,79,5,3,67,3,0,86,75,39,10
2018-12-22,9,54,0,2,79,5,3,67,3,0,86,75,39,10
2018-12-23,9,57,0,2,77,6,3,73,2,1,92,72,39,10
2018-12-24,9,57,0,2,77,6,3,73,2,1,92,72,39,10
2018-12-25,9,57,0,2,77,6,3,73,2,1,92,72,39,10
2018-12-26,9,57,0,2,77,6,3,73,2,1,92,72,39,10
2018-12-27,9,57,0,2,77,6,3,73,2,1,92,72,39,10
2018-12-28,9,57,0,2,77,6,3,73,2,1,92,72,39,10
2018-12-29,9,57,0,2,77,6,3,73,2,1,92,72,39,10
2018-12-30,11,68,0,2,73,4,3,61,3,1,84,73,37,11
2018-12-31,11,68,0,2,73,4,3,61,3,1,84,73,37,11
2019-01-01,11,68,0,2,73,4,3,61,3,1,84,73,37,11
2019-01-02,11,68,0,2,73,4,3,61,3,1,84,73,37,11
2019-01-03,11,68,0,2,73,4,3,61,3,1,84,73,37,11
2019-01-04,11,68,0,2,73,4,3,61,3,1,84,73,37,11
2019-01-05,11,68,0,2,73,4,3,61,3,1,84,73,37,11
2019-01-06,11,68,0,3,72,5,3,61,3,1,81,74,39,11
2019-01-07,11,68,0,3,72,5,3,61,3,1,81,74,39,11
2019-01-08,11,68,0,3,72,5,3,61,3,1,81,74,39,11
2019-01-09,11,68,0,3,72,5,3,61,3,1,81,74,39,11
2019-01-10,11,68,0,3,72,5,3,61,3,1,81,74,39,11
2019-01-11,11,68,0,3,72,5,3,61,3,1,81,74,39,11
2019-01-12,11,68,0,3,72,5,3,61,3,1,81,74,39,11
2019-01-13,11,67,0,2,68,4,3,61,3,1,79,70,39,10
2019-01-14,11,67,0,2,68,4,3,61,3,1,79,70,39,10
2019-01-15,11,67,0,2,68,4,3,61,3,1,79,70,39,10
2019-01-16,11,67,0,2,68,4,3,61,3,1,79,70,39,10
2019-01-17,11,67,0,2,68,4,3,61,3,1,79,70,39,10
2019-01-18,11,67,0,2,68,4,3,61,3,1,79,70,39,10
2019-01-19,11,67,0,2,68,4,3,61,3,1,79,70,39,10
2019-01-20,10,64,0,2,65,4,2,51,3,1,85,72,38,10
2019-01-21,10,64,0,2,65,4,2,51,3,1,85,72,38,10
2019-01-22,10,64,0,2,65,4,2,51,3,1,85,72,38,10
2019-01-23,10,64,0,2,65,4,2,51,3,1,85,72,38,10
2019-01-24,10,64,0,2,65,4,2,51,3,1,85,72,38,10
2019-01-25,10,64,0,2,65,4,2,51,3,1,85,72,38,10
2019-01-26,10,64,0,2,65,4,2,51,3,1,85,72,38,10
2019-01-27,10,61,0,2,60,3,2,51,3,1,81,70,38,10
2019-01-28,10,61,0,2,60,3,2,51,3,1,81,70,38,10
2019-01-29,10,61,0,2,60,3,2,51,3,1,81,70,38,10
2019-01-30,10,61,0,2,60,3,2,51,3,1,81,70,38,10
2019-01-31,10,61,0,2,60,3,2,51,3,1,81,70,38,10
2019-02-01,10,61,0,2,60,3,2,51,3,1,81,70,38,10
2019-02-02,10,61,0,2,60,3,2,51,3,1,81,70,38,10
2019-02-03,11,62,0,2,64,4,2,53,2,1,82,74,39,10
2019-02-04,11,62,0,2,64,4,2,53,2,1,82,74,39,10
2019-02-05,11,62,0,2,64,4,2,53,2,1,82,74,39,10
2019-02-06,11,62,0,2,64,4,2,53,2,1,82,74,39,10
2019-02-07,11,62,0,2,64,4,2,53,2,1,82,74,39,10
2019-02-08,11,62,0,2,64,4,2,53,2,1,82,74,39,10
2019-02-09,11,62,0,2,64,4,2,53,2,1,82,74,39,10
2019-02-10,10,63,0,2,66,3,3,57,2,1,78,74,38,10
2019-02-11,10,63,0,2,66,3,3,57,2,1,78,74,38,10
2019-02-12,10,63,0,2,66,3,3,57,2,1,78,74,38,10
2019-02-13,10,63,0,2,66,3,3,57,2,1,78,74,38,10
2019-02-14,10,63,0,2,66,3,3,57,2,1,78,74,38,10
2019-02-15,10,63,0,2,66,3,3,57,2,1,78,74,38,10
2019-02-16,10,63,0,2,66,3,3,57,2,1,78,74,38,10
2019-02-17,11,62,0,2,69,4,3,59,2,1,86,68,39,11
2019-02-18,11,62,0,2,69,4,3,59,2,1,86,68,39,11
2019-02-19,11,62,0,2,69,4,3,59,2,1,86,68,39,11
2019-02-20,11,62,0,2,69,4,3,59,2,1,86,68,39,11
2019-02-21,11,62,0,2,69,4,3,59,2,1,86,68,39,11
2019-02-22,11,62,0,2,69,4,3,59,2,1,86,68,39,11
2019-02-23,11,62,0,2,69,4,3,59,2,1,86,68,39,11
2019-02-24,11,66,0,2,67,4,2,59,2,1,78,67,41,10
2019-02-25,11,66,0,2,67,4,2,59,2,1,78,67,41,10
2019-02-26,11,66,0,2,67,4,2,59,2,1,78,67,41,10
2019-02-27,11,66,0,2,67,4,2,59,2,1,78,67,41,10
2019-02-28,11,66,0,2,67,4,2,59,2,1,78,67,41,10
2019-03-01,11,66,0,2,67,4,2,59,2,1,78,67,41,10
2019-03-02,11,66,0,2,67,4,2,59,2,1,78,67,41,10
2019-03-03,11,65,0,2,68,4,3,63,2,1,80,70,42,10
2019-03-04,11,65,0,2,68,4,3,63,2,1,80,70,42,10
2019-03-05,11,65,0,2,68,4,3,63,2,1,80,70,42,10
2019-03-06,11,65,0,2,68,4,3,63,2,1,80,70,42,10
2019-03-07,11,65,0,2,68,4,3,63,2,1,80,70,42,10
2019-03-08,11,65,0,2,68,4,3,63,2,1,80,70,42,10
2019-03-09,11,65,0,2,68,4,3,63,2,1,80,70,42,10
2019-03-10,11,64,0,2,77,3,3,62,3,1,77,67,43,10
2019-03-11,11,64,0,2,77,3,3,62,3,1,77,67,43,10
2019-03-12,11,64,0,2,77,3,3,62,3,1,77,67,43,10
2019-03-13,11,64,0,2,77,3,3,62,3,1,77,67,43,10
2019-03-14,11,64,0,2,77,3,3,62,3,1,77,67,43,10
2019-03-15,11,64,0,2,77,3,3,62,3,1,77,67,43,10
2019-03-16,11,64,0,2,77,3,3,62,3,1,77,67,43,10
2019-03-17,11,60,0,2,72,4,3,60,3,1,80,70,42,10
2019-03-18,11,60,0,2,72,4,3,60,3,1,80,70,42,10
2019-03-19,11,60,0,2,72,4,3,60,3,1,80,70,42,10
2019-03-20,11,60,0,2,72,4,3,60,3,1,80,70,42,10
2019-03-21,11,60,0,2,72,4,3,60,3,1,80,70,42,10
2019-03-22,11,60,0,2,72,4,3,60,3,1,80,70,42,10
2019-03-23,11,60,0,2,72,4,3,60,3,1,80,70,42,10
2019-03-24,10,61,0,2,70,4,3,60,2,1,80,70,43,10
2019-03-25,10,61,0,2,70,4,3,60,2,1,80,70,43,10
2019-03-26,10,61,0,2,70,4,3,60,2,1,80,70,43,10
2019-03-27,10,61,0,2,70,4,3,60,2,1,80,70,43,10
2019-03-28,10,61,0,2,70,4,3,60,2,1,80,70,43,10
2019-03-29,10,61,0,2,70,4,3,60,2,1,80,70,43,10
2019-03-30,10,61,0,2,70,4,3,60,2,1,80,70,43,10
2019-03-31,11,60,0,2,74,5,3,60,3,1,74,69,42,10
2019-04-01,11,60,0,2,74,5,3,60,3,1,74,69,42,10
2019-04-02,11,60,0,2,74,5,3,60,3,1,74,69,42,10
2019-04-03,11,60,0,2,74,5,3,60,3,1,74,69,42,10
2019-04-04,11,60,0,2,74,5,3,60,3,1,74,69,42,10
2019-04-05,11,60,0,2,74,5,3,60,3,1,74,69,42,10
2019-04-06,11,60,0,2,74,5,3,60,3,1,74,69,42,10
2019-04-07,10,59,0,2,74,4,3,63,2,1,79,72,42,11
2019-04-08,10,59,0,2,74,4,3,63,2,1,79,72,42,11
2019-04-09,10,59,0,2,74,4,3,63,2,1,79,72,42,11
2019-04-10,10,59,0,2,74,4,3,63,2,1,79,72,42,11
2019-04-11,10,59,0,2,74,4,3,63,2,1,79,72,42,11
2019-04-12,10,59,0,2,74,4,3,63,2,1,79,72,42,11
2019-04-13,10,59,0,2,74,4,3,63,2,1,79,72,42,11
2019-04-14,10,60,0,2,73,4,3,61,2,1,83,79,42,11
2019-04-15,10,60,0,2,73,4,3,61,2,1,83,79,42,11
2019-04-16,10,60,0,2,73,4,3,61,2,1,83,79,42,11
2019-04-17,10,60,0,2,73,4,3,61,2,1,83,79,42,11
2019-04-18,10,60,0,2,73,4,3,61,2,1,83,79,42,11
2019-04-19,10,60,0,2,73,4,3,61,2,1,83,79,42,11
2019-04-20,10,60,0,2,73,4,3,61,2,1,83,79,42,11
2019-04-21,10,57,0,2,70,4,3,59,3,1,80,75,43,10
2019-04-22,10,57,0,2,70,4,3,59,3,1,80,75,43,10
2019-04-23,10,57,0,2,70,4,3,59,3,1,80,75,43,10
2019-04-24,10,57,0,2,70,4,3,59,3,1,80,75,43,10
2019-04-25,10,57,0,2,70,4,3,59,3,1,80,75,43,10
2019-04-26,10,57,0,2,70,4,3,59,3,1,80,75,43,10
2019-04-27,10,57,0,2,70,4,3,59,3,1,80,75,43,10
2019-04-28,10,59,0,2,80,5,3,64,3,1,81,69,43,10
2019-04-29,10,59,0,2,80,5,3,64,3,1,81,69,43,10
2019-04-30,10,59,0,2,80,5,3,64,3,1,81,69,43,10
2019-05-01,10,59,0,2,80,5,3,64,3,1,81,69,43,10
2019-05-02,10,59,0,2,80,5,3,64,3,1,81,69,43,10
2019-05-03,10,59,0,2,80,5,3,64,3,1,81,69,43,10
2019-05-04,10,59,0,2,80,5,3,64,3,1,81,69,43,10
2019-05-05,10,57,0,2,73,4,3,59,2,1,80,73,43,10
2019-05-06,10,57,0,2,73,4,3,59,2,1,80,73,43,10
2019-05-07,10,57,0,2,73,4,3,59,2,1,80,73,43,10
2019-05-08,10,57,0,2,73,4,3,59,2,1,80,73,43,10
2019-05-09,10,57,0,2,73,4,3,59,2,1,80,73,43,10
2019-05-10,10,57,0,2,73,4,3,59,2,1,80,73,43,10
2019-05-11,10,57,0,2,73,4,3,59,2,1,80,73,43,10
2019-05-12,10,58,0,2,77,5,3,66,2,1,82,70,44,10
2019-05-13,10,58,0,2,77,5,3,66,2,1,82,70,44,10
2019-05-14,10,58,0,2,77,5,3,66,2,1,82,70,44,10
2019-05-15,10,58,0,2,77,5,3,66,2,1,82,70,44,10
2019-05-16,10,58,0,2,77,5,3,66,2,1,82,70,44,10
2019-05-17,10,58,0,2,77,5,3,66,2,1,82,70,44,10
2019-05-18,10,58,0,2,77,5,3,66,2,1,82,70,44,10
2019-05-19,10,61,0,2,80,5,3,69,3,1,81,75,47,12
2019-05-20,10,61,0,2,80,5,3,69,3,1,81,75,47,12
2019-05-21,10,61,0,2,80,5,3,69,3,1,81,75,47,12
2019-05-22,10,61,0,2,80,5,3,69,3,1,81,75,47,12
2019-05-23,10,61,0,2,80,5,3,69,3,1,81,75,47,12
2019-05-24,10,61,0,2,80,5,3,69,3,1,81,75,47,12
2019-05-25,10,61,0,2,80,5,3,69,3,1,81,75,47,12
2019-05-26,11,60,0,2,83,5,4,63,3,1,87,78,46,14
2019-05-27,11,60,0,2,83,5,4,63,3,1,87,78,46,14
2019-05-28,11,60,0,2,83,5,4,63,3,1,87,78,46,14
2019-05-29,11,60,0,2,83,5,4,63,3,1,87,78,46,14
2019-05-30,11,60,0,2,83,5,4,63,3,1,87,78,46,14
2019-05-31,11,60,0,2,83,5,4,63,3,1,87,78,46,14
2019-06-01,11,60,0,2,83,5,4,63,3,1,87,78,46,14
2019-06-02,11,67,0,2,79,5,3,71,3,1,86,80,49,11
2019-06-03,11,67,0,2,79,5,3,71,3,1,86,80,49,11
2019-06-04,11,67,0,2,79,5,3,71,3,1,86,80,49,11
2019-06-05,11,67,0,2,79,5,3,71,3,1,86,80,49,11
2019-06-06,11,67,0,2,79,5,3,71,3,1,86,80,49,11
2019-06-07,11,67,0,2,79,5,3,71,3,1,86,80,49,11
2019-06-08,11,67,0,2,79,5,3,71,3,1,86,80,49,11
2019-06-09,11,63,0,2,83,5,3,69,3,1,87,77,48,11
2019-06-10,11,63,0,2,83,5,3,69,3,1,87,77,48,11
2019-06-11,11,63,0,2,83,5,3,69,3,1,87,77,48,11
2019-06-12,11,63,0,2,83,5,3,69,3,1,87,77,48,11
2019-06-13,11,63,0,2,83,5,3,69,3,1,87,77,48,11
2019-06-14,11,63,0,2,83,5,3,69,3,1,87,77,48,11
2019-06-15,11,63,0,2,83,5,3,69,3,1,87,77,48,11
2019-06-16,11,63,0,2,89,5,4,76,3,1,85,78,49,12
2019-06-17,11,63,0,2,89,5,4,76,3,1,85,78,49,12
2019-06-18,11,63,0,2,89,5,4,76,3,1,85,78,49,12
2019-06-19,11,63,0,2,89,5,4,76,3,1,85,78,49,12
2019-06-20,11,63,0,2,89,5,4,76,3,1,85,78,49,12
2019-06-21,11,63,0,2,89,5,4,76,3,1,85,78,49,12
2019-06-22,11,63,0,2,89,5,4,76,3,1,85,78,49,12
2019-06-23,11,65,0,2,85,6,4,74,2,1,82,80,54,12
2019-06-24,11,65,0,2,85,6,4,74,2,1,82,80,54,12
2019-06-25,11,65,0,2,85,6,4,74,2,1,82,80,54,12
2019-06-26,11,65,0,2,85,6,4,74,2,1,82,80,54,12
2019-06-27,11,65,0,2,85,6,4,74,2,1,82,80,54,12
2019-06-28,11,65,0,2,85,6,4,74,2,1,82,80,54,12
2019-06-29,11,65,0,2,85,6,4,74,2,1,82,80,54,12
2019-06-30,11,60,0,2,86,5,3,71,3,1,89,82,51,12
2019-07-01,11,60,0,2,86,5,3,71,3,1,89,82,51,12
2019-07-02,11,60,0,2,86,5,3,71,3,1,89,82,51,12
2019-07-03,11,60,0,2,86,5,3,71,3,1,89,82,51,12
2019-07-04,11,60,0,2,86,5,3,71,3,1,89,82,51,12
2019-07-05,11,60,0,2,86,5,3,71,3,1,89,82,51,12
2019-07-06,11,60,0,2,86,5,3,71,3,1,89,82,51,12
2019-07-07,11,66,0,2,88,6,4,73,3,1,83,82,50,12
2019-07-08,11,66,0,2,88,6,4,73,3,1,83,82,50,12
2019-07-09,11,66,0,2,88,6,4,73,3,1,83,82,50,12
2019-07-10,11,66,0,2,88,6,4,73,3,1,83,82,50,12
2019-07-11,11,66,0,2,88,6,4,73,3,1,83,82,50,12
2019-07-12,11,66,0,2,88,6,4,73,3,1,83,82,50,12
2019-07-13,11,66,0,2,88,6,4,73,3,1,83,82,50,12
2019-07-14,11,65,0,2,84,5,4,72,3,1,81,77,53,11
2019-07-15,11,65,0,2,84,5,4,72,3,1,81,77,53,11
2019-07-16,11,65,0,2,84,5,4,72,3,1,81,77,53,11
2019-07-17,11,65,0,2,84,5,4,72,3,1,81,77,53,11
2019-07-18,11,65,0,2,84,5,4,72,3,1,81,77,53,11
2019-07-19,11,65,0,2,84,5,4,72,3,1,81,77,53,11
2019-07-20,11,65,0,2,84,5,4,72,3,1,81,77,53,11
2019-07-21,10,63,0,2,87,6,4,70,3,1,87,80,51,12
2019-07-22,10,63,0,2,87,6,4,70,3,1,87,80,51,12
2019-07-23,10,63,0,2,87,6,4,70,3,1,87,80,51,12
2019-07-24,10,63,0,2,87,6,4,70,3,1,87,80,51,12
2019-07-25,10,63,0,2,87,6,4,70,3,1,87,80,51,12
2019-07-26,10,63,0,2,87,6,4,70,3,1,87,80,51,12
2019-07-27,10,63,0,2,87,6,4,70,3,1,87,80,51,12
2019-07-28,11,65,0,2,88,6,4,71,3,1,85,82,51,12
2019-07-29,11,65,0,2,88,6,4,71,3,1,85,82,51,12
2019-07-30,11,65,0,2,88,6,4,71,3,1,85,82,51,12
2019-07-31,11,65,0,2,88,6,4,71,3,1,85,82,51,12
2019-08-01,11,65,0,2,88,6,4,71,3,1,85,82,51,12
2019-08-02,11,65,0,2,88,6,4,71,3,1,85,82,51,12
2019-08-03,11,65,0,2,88,6,4,71,3,1,85,82,51,12
2019-08-04,10,64,0,2,84,5,4,71,3,1,85,86,51,12
2019-08-05,10,64,0,2,84,5,4,71,3,1,85,86,51,12
2019-08-06,10,64,0,2,84,5,4,71,3,1,85,86,51,12
2019-08-07,10,64,0,2,84,5,4,71,3,1,85,86,51,12
2019-08-08,10,64,0,2,84,5,4,71,3,1,85,86,51,12
2019-08-09,10,64,0,2,84,5,4,71,3,1,85,86,51,12
2019-08-10,10,64,0,2,84,5,4,71,3,1,85,86,51,12
2019-08-11,10,62,0,2,86,6,3,68,3,1,83,86,48,12
2019-08-12,10,62,0,2,86,6,3,68,3,1,83,86,48,12
2019-08-13,10,62,0,2,86,6,3,68,3,1,83,86,48,12
2019-08-14,10,62,0,2,86,6,3,68,3,1,83,86,48,12
2019-08-15,10,62,0,2,86,6,3,68,3,1,83,86,48,12
2019-08-16,10,62,0,2,86,6,3,68,3,1,83,86,48,12
2019-08-17,10,62,0,2,86,6,3,68,3,1,83,86,48,12
2019-08-18,10,61,0,2,76,5,3,75,3,1,79,85,45,11
2019-08-19,10,61,0,2,76,5,3,75,3,1,79,85,45,11
2019-08-20,10,61,0,2,76,5,3,75,3,1,79,85,45,11
2019-08-21,10,61,0,2,76,5,3,75,3,1,79,85,45,11
2019-08-22,10,61,0,2,76,5,3,75,3,1,79,85,45,11
2019-08-23,10,61,0,2,76,5,3,75,3,1,79,85,45,11
2019-08-24,10,61,0,2,76,5,3,75,3,1,79,85,45,11
2019-08-25,10,58,0,2,73,5,3,66,3,1,75,81,43,11
2019-08-26,10,58,0,2,73,5,3,66,3,1,75,81,43,11
2019-08-27,10,58,0,2,73,5,3,66,3,1,75,81,43,11
2019-08-28,10,58,0,2,73,5,3,66,3,1,75,81,43,11
2019-08-29,10,58,0,2,73,5,3,66,3,1,75,81,43,11
2019-08-30,10,58,0,2,73,5,3,66,3,1,75,81,43,11
2019-08-31,10,58,0,2,73,5,3,66,3,1,75,81,43,11
2019-09-01,10,60,0,2,74,4,3,59,2,1,77,83,44,10
2019-09-02,10,60,0,2,74,4,3,59,2,1,77,83,44,10
2019-09-03,10,60,0,2,74,4,3,59,2,1,77,83,44,10
2019-09-04,10,60,0,2,74,4,3,59,2,1,77,83,44,10
2019-09-05,10,60,0,2,74,4,3,59,2,1,77,83,44,10
2019-09-06,10,60,0,2,74,4,3,59,2,1,77,83,44,10
2019-09-07,10,60,0,2,74,4,3,59,2,1,77,83,44,10
2019-09-08,10,63,0,2,75,4,3,61,2,1,72,77,46,10
2019-09-09,10,63,0,2,75,4,3,61,2,1,72,77,46,10
2019-09-10,10,63,0,2,75,4,3,61,2,1,72,77,46,10
2019-09-11,10,63,0,2,75,4,3,61,2,1,72,77,46,10
2019-09-12,10,63,0,2,75,4,3,61,2,1,72,77,46,10
2019-09-13,10,63,0,2,75,4,3,61,2,1,72,77,46,10
2019-09-14,10,63,0,2,75,4,3,61,2,1,72,77,46,10
2019-09-15,10,68,0,2,85,4,3,60,3,1,78,75,46,11
2019-09-16,10,68,0,2,85,4,3,60,3,1,78,75,46,11
2019-09-17,10,68,0,2,85,4,3,60,3,1,78,75,46,11
2019-09-18,10,68,0,2,85,4,3,60,3,1,78,75,46,11
2019-09-19,10,68,0,2,85,4,3,60,3,1,78,75,46,11
2019-09-20,10,68,0,2,85,4,3,60,3,1,78,75,46,11
2019-09-21,10,68,0,2,85,4,3,60,3,1,78,75,46,11
2019-09-22,10,66,0,2,72,4,3,56,2,1,74,75,45,10
2019-09-23,10,66,0,2,72,4,3,56,2,1,74,75,45,10
2019-09-24,10,66,0,2,72,4,3,56,2,1,74,75,45,10
2019-09-25,10,66,0,2,72,4,3,56,2,1,74,75,45,10
2019-09-26,10,66,0,2,72,4,3,56,2,1,74,75,45,10
2019-09-27,10,66,0,2,72,4,3,56,2,1,74,75,45,10
2019-09-28,10,66,0,2,72,4,3,56,2,1,74,75,45,10
2019-09-29,10,67,0,2,70,4,3,60,2,1,77,77,45,10
2019-09-30,10,67,0,2,70,4,3,60,2,1,77,77,45,10
2019-10-01,10,67,0,2,70,4,3,60,2,1,77,77,45,10
2019-10-02,10,67,0,2,70,4,3,60,2,1,77,77,45,10
2019-10-03,10,67,0,2,70,4,3,60,2,1,77,77,45,10
2019-10-04,10,67,0,2,70,4,3,60,2,1,77,77,45,10
2019-10-05,10,67,0,2,70,4,3,60,2,1,77,77,45,10
2019-10-06,10,64,0,2,63,4,2,61,2,1,77,79,44,10
2019-10-07,10,64,0,2,63,4,2,61,2,1,77,79,44,10
2019-10-08,10,64,0,2,63,4,2,61,2,1,77,79,44,10
2019-10-09,10,64,0,2,63,4,2,61,2,1,77,79,44,10
2019-10-10,10,64,0,2,63,4,2,61,2,1,77,79,44,10
2019-10-11,10,64,0,2,63,4,2,61,2,1,77,79,44,10
2019-10-12,10,64,0,2,63,4,2,61,2,1,77,79,44,10
2019-10-13,9,61,0,2,68,4,3,56,3,1,76,74,41,10
2019-10-14,9,61,0,2,68,4,3,56,3,1,76,74,41,10
2019-10-15,9,61,0,2,68,4,3,56,3,1,76,74,41,10
2019-10-16,9,61,0,2,68,4,3,56,3,1,76,74,41,10
2019-10-17,9,61,0,2,68,4,3,56,3,1,76,74,41,10
2019-10-18,9,61,0,2,68,4,3,56,3,1,76,74,41,10
2019-10-19,9,61,0,2,68,4,3,56,3,1,76,74,41,10
2019-10-20,10,58,0,2,62,4,2,51,2,1,79,75,40,10
2019-10-21,10,58,0,2,62,4,2,51,2,1,79,75,40,10
2019-10-22,10,58,0,2,62,4,2,51,2,1,79,75,40,10
2019-10-23,10,58,0,2,62,4,2,51,2,1,79,75,40,10
2019-10-24,10,58,0,2,62,4,2,51,2,1,79,75,40,10
2019-10-25,10,58,0,2,62,4,2,51,2,1,79,75,40,10
2019-10-26,10,58,0,2,62,4,2,51,2,1,79,75,40,10
2019-10-27,9,56,0,2,57,3,2,50,2,1,75,74,40,9
2019-10-28,9,56,0,2,57,3,2,50,2,1,75,74,40,9
2019-10-29,9,56,0,2,57,3,2,50,2,1,75,74,40,9
2019-10-30,9,56,0,2,57,3,2,50,2,1,75,74,40,9
2019-10-31,9,56,0,2,57,3,2,50,2,1,75,74,40,9
2019-11-01,9,56,0,2,57,3,2,50,2,1,75,74,40,9
2019-11-02,9,56,0,2,57,3,2,50,2,1,75,74,40,9
2019-11-03,10,59,0,2,61,4,3,55,2,1,74,72,41,10
2019-11-04,10,59,0,2,61,4,3,55,2,1,74,72,41,10
2019-11-05,10,59,0,2,61,4,3,55,2,1,74,72,41,10
2019-11-06,10,59,0,2,61,4,3,55,2,1,74,72,41,10
2019-11-07,10,59,0,2,61,4,3,55,2,1,74,72,41,10
2019-11-08,10,59,0,2,61,4,3,55,2,1,74,72,41,10
2019-11-09,10,59,0,2,61,4,3,55,2,1,74,72,41,10
2019-11-10,9,58,0,2,60,3,3,51,2,0,71,69,38,9
2019-11-11,9,58,0,2,60,3,3,51,2,0,71,69,38,9
2019-11-12,9,58,0,2,60,3,3,51,2,0,71,69,38,9
2019-11-13,9,58,0,2,60,3,3,51,2,0,71,69,38,9
2019-11-14,9,58,0,2,60,3,3,51,2,0,71,69,38,9
2019-11-15,9,58,0,2,60,3,3,51,2,0,71,69,38,9
2019-11-16,9,58,0,2,60,3,3,51,2,0,71,69,38,9
2019-11-17,10,62,0,2,64,4,2,57,3,1,74,70,43,10
2019-11-18,10,62,0,2,64,4,2,57,3,1,74,70,43,10
2019-11-19,10,62,0,2,64,4,2,57,3,1,74,70,43,10
2019-11-20,10,62,0,2,64,4,2,57,3,1,74,70,43,10
2019-11-21,10,62,0,2,64,4,2,57,3,1,74,70,43,10
2019-11-22,10,62,0,2,64,4,2,57,3,1,74,70,43,10
2019-11-23,10,62,0,2,64,4,2,57,3,1,74,70,43,10
2019-11-24,9,61,0,2,62,3,3,57,2,0,71,71,39,10
2019-11-25,9,61,0,2,62,3,3,57,2,0,71,71,39,10
2019-11-26,9,61,0,2,62,3,3,57,2,0,71,71,39,10
2019-11-27,9,61,0,2,62,3,3,57,2,0,71,71,39,10
2019-11-28,9,61,0,2,62,3,3,57,2,0,71,71,39,10
2019-11-29,9,61,0,2,62,3,3,57,2,0,71,71,39,10
2019-11-30,9,61,0,2,62,3,3,57,2,0,71,71,39,10
2019-12-01,10,62,0,2,65,4,2,54,3,0,73,76,40,10
2019-12-02,10,62,0,2,65,4,2,54,3,0,73,76,40,10
2019-12-03,10,62,0,2,65,4,2,54,3,0,73,76,40,10
2019-12-04,10,62,0,2,65,4,2,54,3,0,73,76,40,10
2019-12-05,10,62,0,2,65,4,2,54,3,0,73,76,40,10
2019-12-06,10,62,0,2,65,4,2,54,3,0,73,76,40,10
2019-12-07,10,62,0,2,65,4,2,54,3,0,73,76,40,10
2019-12-08,9,60,0,2,70,4,2,56,2,0,71,73,40,10
2019-12-09,9,60,0,2,70,4,2,56,2,0,71,73,40,10
2019-12-10,9,60,0,2,70,4,2,56,2,0,71,73,40,10
2019-12-11,9,60,0,2,70,4,2,56,2,0,71,73,40,10
2019-12-12,9,60,0,2,70,4,2,56,2,0,71,73,40,10
2019-12-13,9,60,0,2,70,4,2,56,2,0,71,73,40,10
2019-12-14,9,60,0,2,70,4,2,56,2,0,71,73,40,10
2019-12-15,10,62,0,2,72,5,3,63,3,1,74,77,43,10
2019-12-16,10,62,0,2,72,5,3,63,3,1,74,77,43,10
2019-12-17,10,62,0,2,72,5,3,63,3,1,74,77,43,10
2019-12-18,10,62,0,2,72,5,3,63,3,1,74,77,43,10
2019-12-19,10,62,0,2,72,5,3,63,3,1,74,77,43,10
2019-12-20,10,62,0,2,72,5,3,63,3,1,74,77,43,10
2019-12-21,10,62,0,2,72,5,3,63,3,1,74,77,43,10
2019-12-22,10,66,0,2,83,5,3,68,3,1,79,77,48,11
2019-12-23,10,66,0,2,83,5,3,68,3,1,79,77,48,11
2019-12-24,10,66,0,2,83,5,3,68,3,1,79,77,48,11
2019-12-25,10,66,0,2,83,5,3,68,3,1,79,77,48,11
2019-12-26,10,66,0,2,83,5,3,68,3,1,79,77,48,11
2019-12-27,10,66,0,2,83,5,3,68,3,1,79,77,48,11
2019-12-28,10,66,0,2,83,5,3,68,3,1,79,77,48,11
2019-12-29,11,74,0,2,75,5,3,63,2,1,77,78,47,11
2019-12-30,11,74,0,2,75,5,3,63,2,1,77,78,47,11
2019-12-31,11,74,0,2,75,5,3,63,2,1,77,78,47,11
2020-01-01,11,74,0,2,75,5,3,63,2,1,77,78,47,11
2020-01-02,11,74,0,2,75,5,3,63,2,1,77,78,47,11
2020-01-03,11,74,0,2,75,5,3,63,2,1,77,78,47,11
2020-01-04,11,74,0,2,75,5,3,63,2,1,77,78,47,11
2020-01-05,13,80,0,2,69,4,3,61,2,1,70,73,46,10
2020-01-06,13,80,0,2,69,4,3,61,2,1,70,73,46,10
2020-01-07,13,80,0,2,69,4,3,61,2,1,70,73,46,10
2020-01-08,13,80,0,2,69,4,3,61,2,1,70,73,46,10
2020-01-09,13,80,0,2,69,4,3,61,2,1,70,73,46,10
2020-01-10,13,80,0,2,69,4,3,61,2,1,70,73,46,10
2020-01-11,13,80,0,2,69,4,3,61,2,1,70,73,46,10
2020-01-12,12,79,0,2,67,4,3,60,2,1,68,72,45,11
2020-01-13,12,79,0,2,67,4,3,60,2,1,68,72,45,11
2020-01-14,12,79,0,2,67,4,3,60,2,1,68,72,45,11
2020-01-15,12,79,0,2,67,4,3,60,2,1,68,72,45,11
2020-01-16,12,79,0,2,67,4,3,60,2,1,68,72,45,11
2020-01-17,12,79,0,2,67,4,3,60,2,1,68,72,45,11
2020-01-18,12,79,0,2,67,4,3,60,2,1,68,72,45,11
2020-01-19,11,69,0,2,64,3,3,52,2,1,68,66,43,10
2020-01-20,11,69,0,2,64,3,3,52,2,1,68,66,43,10
2020-01-21,11,69,0,2,64,3,3,52,2,1,68,66,43,10
2020-01-22,11,69,0,2,64,3,3,52,2,1,68,66,43,10
2020-01-23,11,69,0,2,64,3,3,52,2,1,68,66,43,10
2020-01-24,11,69,0,2,64,3,3,52,2,1,68,66,43,10
2020-01-25,11,69,0,2,64,3,3,52,2,1,68,66,43,10
2020-01-26,10,61,0,2,57,3,2,53,2,1,65,65,41,10
2020-01-27,10,61,0,2,57,3,2,53,2,1,65,65,41,10
2020-01-28,10,61,0,2,57,3,2,53,2,1,65,65,41,10
2020-01-29,10,61,0,2,57,3,2,53,2,1,65,65,41,10
2020-01-30,10,61,0,2,57,3,2,53,2,1,65,65,41,10
2020-01-31,10,61,0,2,57,3,2,53,2,1,65,65,41,10
2020-02-01,10,61,0,2,57,3,2,53,2,1,65,65,41,10
2020-02-02,10,60,0,2,57,3,2,53,2,1,66,72,42,10
2020-02-03,10,60,0,2,57,3,2,53,2,1,66,72,42,10
2020-02-04,10,60,0,2,57,3,2,53,2,1,66,72,42,10
2020-02-05,10,60,0,2,57,3,2,53,2,1,66,72,42,10
2020-02-06,10,60,0,2,57,3,2,53,2,1,66,72,42,10
2020-02-07,10,60,0,2,57,3,2,53,2,1,66,72,42,10
2020-02-08,10,60,0,2,57,3,2,53,2,1,66,72,42,10
2020-02-09,10,65,0,2,62,4,3,55,2,1,68,70,45,10
2020-02-10,10,65,0,2,62,4,3,55,2,1,68,70,45,10
2020-02-11,10,65,0,2,62,4,3,55,2,1,68,70,45,10
2020-02-12,10,65,0,2,62,4,3,55,2,1,68,70,45,10
2020-02-13,10,65,0,2,62,4,3,55,2,1,68,70,45,10
2020-02-14,10,65,0,2,62,4,3,55,2,1,68,70,45,10
2020-02-15,10,65,0,2,62,4,3,55,2,1,68,70,45,10
2020-02-16,11,63,0,2,59,4,3,59,3,1,74,69,46,11
2020-02-17,11,63,0,2,59,4,3,59,3,1,74,69,46,11
2020-02-18,11,63,0,2,59,4,3,59,3,1,74,69,46,11
2020-02-19,11,63,0,2,59,4,3,59,3,1,74,69,46,11
2020-02-20,11,63,0,2,59,4,3,59,3,1,74,69,46,11
2020-02-21,11,63,0,2,59,4,3,59,3,1,74,69,46,11
2020-02-22,11,63,0,2,59,4,3,59,3,1,74,69,46,11
2020-02-23,10,56,0,3,60,4,2,61,2,1,68,67,42,10
2020-02-24,10,56,0,3,60,4,2,61,2,1,68,67,42,10
2020-02-25,10,56,0,3,60,4,2,61,2,1,68,67,42,10
2020-02-26,10,56,0,3,60,4,2,61,2,1,68,67,42,10
2020-02-27,10,56,0,3,60,4,2,61,2,1,68,67,42,10
2020-02-28,10,56,0,3,60,4,2,61,2,1,68,67,42,10
2020-02-29,10,56,0,3,60,4,2,61,2,1,68,67,42,10
2020-03-01,9,58,0,4,56,3,2,57,2,1,62,61,40,10
2020-03-02,9,58,0,4,56,3,2,57,2,1,62,61,40,10
2020-03-03,9,58,0,4,56,3,2,57,2,1,62,61,40,10
2020-03-04,9,58,0,4,56,3,2,57,2,1,62,61,40,10
2020-03-05,9,58,0,4,56,3,2,57,2,1,62,61,40,10
2020-03-06,9,58,0,4,56,3,2,57,2,1,62,61,40,10
2020-03-07,9,58,0,4,56,3,2,57,2,1,62,61,40,10
2020-03-08,13,100,0,9,41,2,2,44,2,1,53,54,37,8
2020-03-09,13,100,0,9,41,2,2,44,2,1,53,54,37,8
2020-03-10,13,100,0,9,41,2,2,44,2,1,53,54,37,8
2020-03-11,13,100,0,9,41,2,2,44,2,1,53,54,37,8
2020-03-12,13,100,0,9,41,2,2,44,2,1,53,54,37,8
2020-03-13,13,100,0,9,41,2,2,44,2,1,53,54,37,8
2020-03-14,13,100,0,9,41,2,2,44,2,1,53,54,37,8
2020-03-15,6,70,0,8,20,1,1,15,1,1,42,39,26,6
2020-03-16,6,70,0,8,20,1,1,15,1,1,42,39,26,6
2020-03-17,6,70,0,8,20,1,1,15,1,1,42,39,26,6
2020-03-18,6,70,0,8,20,1,1,15,1,1,42,39,26,6
2020-03-19,6,70,0,8,20,1,1,15,1,1,42,39,26,6
2020-03-20,6,70,0,8,20,1,1,15,1,1,42,39,26,6
2020-03-21,6,70,0,8,20,1,1,15,1,1,42,39,26,6
2020-03-22,3,33,0,3,8,1,0,7,0,0,18,26,20,5
2020-03-23,3,33,0,3,8,1,0,7,0,0,18,26,20,5
2020-03-24,3,33,0,3,8,1,0,7,0,0,18,26,20,5
2020-03-25,3,33,0,3,8,1,0,7,0,0,18,26,20,5
2020-03-26,3,33,0,3,8,1,0,7,0,0,18,26,20,5
2020-03-27,3,33,0,3,8,1,0,7,0,0,18,26,20,5
2020-03-28,3,33,0,3,8,1,0,7,0,0,18,26,20,5
2020-03-29,3,24,0,2,7,0,0,5,0,0,14,21,16,4
2020-03-30,3,24,0,2,7,0,0,5,0,0,14,21,16,4
2020-03-31,3,24,0,2,7,0,0,5,0,0,14,21,16,4
2020-04-01,3,24,0,2,7,0,0,5,0,0,14,21,16,4
2020-04-02,3,24,0,2,7,0,0,5,0,0,14,21,16,4
2020-04-03,3,24,0,2,7,0,0,5,0,0,14,21,16,4
2020-04-04,3,24,0,2,7,0,0,5,0,0,14,21,16,4
2020-04-05,3,22,0,2,7,0,1,5,0,0,14,19,17,4
2020-04-06,3,22,0,2,7,0,1,5,0,0,14,19,17,4
2020-04-07,3,22,0,2,7,0,1,5,0,0,14,19,17,4
2020-04-08,3,22,0,2,7,0,1,5,0,0,14,19,17,4
2020-04-09,3,22,0,2,7,0,1,5,0,0,14,19,17,4
2020-04-10,3,22,0,2,7,0,1,5,0,0,14,19,17,4
2020-04-11,3,22,0,2,7,0,1,5,0,0,14,19,17,4
2020-04-12,3,23,0,2,7,1,0,5,0,0,13,18,17,5
2020-04-13,3,23,0,2,7,1,0,5,0,0,13,18,17,5
2020-04-14,3,23,0,2,7,1,0,5,0,0,13,18,17,5
2020-04-15,3,23,0,2,7,1,0,5,0,0,13,18,17,5
2020-04-16,3,23,0,2,7,1,0,5,0,0,13,18,17,5
2020-04-17,3,23,0,2,7,1,0,5,0,0,13,18,17,5
2020-04-18,3,23,0,2,7,1,0,5,0,0,13,18,17,5
2020-04-19,3,23,0,2,8,0,1,6,0,0,12,18,17,5
2020-04-20,3,23,0,2,8,0,1,6,0,0,12,18,17,5
2020-04-21,3,23,0,2,8,0,1,6,0,0,12,18,17,5
2020-04-22,3,23,0,2,8,0,1,6,0,0,12,18,17,5
2020-04-23,3,23,0,2,8,0,1,6,0,0,12,18,17,5
2020-04-24,3,23,0,2,8,0,1,6,0,0,12,18,17,5
2020-04-25,3,23,0,2,8,0,1,6,0,0,12,18,17,5
2020-04-26,3,22,0,2,7,0,0,7,0,1,13,19,19,5
2020-04-27,3,22,0,2,7,0,0,7,0,1,13,19,19,5
2020-04-28,3,22,0,2,7,0,0,7,0,1,13,19,19,5
2020-04-29,3,22,0,2,7,0,0,7,0,1,13,19,19,5
2020-04-30,3,22,0,2,7,0,0,7,0,1,13,19,19,5
2020-05-01,3,22,0,2,7,0,0,7,0,1,13,19,19,5
2020-05-02,3,22,0,2,7,0,0,7,0,1,13,19,19,5
2020-05-03,3,25,0,2,8,0,1,8,0,1,15,21,22,6
2020-05-04,3,25,0,2,8,0,1,8,0,1,15,21,22,6
2020-05-05,3,25,0,2,8,0,1,8,0,1,15,21,22,6
2020-05-06,3,25,0,2,8,0,1,8,0,1,15,21,22,6
2020-05-07,3,25,0,2,8,0,1,8,0,1,15,21,22,6
2020-05-08,3,25,0,2,8,0,1,8,0,1,15,21,22,6
2020-05-09,3,25,0,2,8,0,1,8,0,1,15,21,22,6
2020-05-10,3,27,0,3,9,1,1,9,0,1,23,22,23,6
2020-05-11,3,27,0,3,9,1,1,9,0,1,23,22,23,6
2020-05-12,3,27,0,3,9,1,1,9,0,1,23,22,23,6
2020-05-13,3,27,0,3,9,1,1,9,0,1,23,22,23,6
2020-05-14,3,27,0,3,9,1,1,9,0,1,23,22,23,6
2020-05-15,3,27,0,3,9,1,1,9,0,1,23,22,23,6
2020-05-16,3,27,0,3,9,1,1,9,0,1,23,22,23,6
2020-05-17,4,31,0,3,10,1,0,11,0,1,22,26,27,7
2020-05-18,4,31,0,3,10,1,0,11,0,1,22,26,27,7
2020-05-19,4,31,0,3,10,1,0,11,0,1,22,26,27,7
2020-05-20,4,31,0,3,10,1,0,11,0,1,22,26,27,7
2020-05-21,4,31,0,3,10,1,0,11,0,1,22,26,27,7
2020-05-22,4,31,0,3,10,1,0,11,0,1,22,26,27,7
2020-05-23,4,31,0,3,10,1,0,11,0,1,22,26,27,7
2020-05-24,4,31,0,3,12,1,1,11,0,1,20,26,32,7
2020-05-25,4,31,0,3,12,1,1,11,0,1,20,26,32,7
2020-05-26,4,31,0,3,12,1,1,11,0,1,20,26,32,7
2020-05-27,4,31,0,3,12,1,1,11,0,1,20,26,32,7
2020-05-28,4,31,0,3,12,1,1,11,0,1,20,26,32,7
2020-05-29,4,31,0,3,12,1,1,11,0,1,20,26,32,7
2020-05-30,4,31,0,3,12,1,1,11,0,1,20,26,32,7
2020-05-31,4,33,0,3,13,1,1,14,0,1,23,31,30,7
2020-06-01,4,33,0,3,13,1,1,14,0,1,23,31,30,7
2020-06-02,4,33,0,3,13,1,1,14,0,1,23,31,30,7
2020-06-03,4,33,0,3,13,1,1,14,0,1,23,31,30,7
2020-06-04,4,33,0,3,13,1,1,14,0,1,23,31,30,7
2020-06-05,4,33,0,3,13,1,1,14,0,1,23,31,30,7
2020-06-06,4,33,0,3,13,1,1,14,0,1,23,31,30,7
2020-06-07,5,38,0,3,15,1,1,17,0,1,21,30,35,8
2020-06-08,5,38,0,3,15,1,1,17,0,1,21,30,35,8
2020-06-09,5,38,0,3,15,1,1,17,0,1,21,30,35,8
2020-06-10,5,38,0,3,15,1,1,17,0,1,21,30,35,8
2020-06-11,5,38,0,3,15,1,1,17,0,1,21,30,35,8
2020-06-12,5,38,0,3,15,1,1,17,0,1,21,30,35,8
2020-06-13,5,38,0,3,15,1,1,17,0,1,21,30,35,8
2020-06-14,5,35,0,3,17,1,1,17,1,1,21,31,36,8
2020-06-15,5,35,0,3,17,1,1,17,1,1,21,31,36,8
2020-06-16,5,35,0,3,17,1,1,17,1,1,21,31,36,8
2020-06-17,5,35,0,3,17,1,1,17,1,1,21,31,36,8
2020-06-18,5,35,0,3,17,1,1,17,1,1,21,31,36,8
2020-06-19,5,35,0,3,17,1,1,17,1,1,21,31,36,8
2020-06-20,5,35,0,3,17,1,1,17,1,1,21,31,36,8
2020-06-21,5,32,0,5,18,1,1,20,1,1,25,34,37,9
2020-06-22,5,32,0,5,18,1,1,20,1,1,25,34,37,9
2020-06-23,5,32,0,5,18,1,1,20,1,1,25,34,37,9
2020-06-24,5,32,0,5,18,1,1,20,1,1,25,34,37,9
2020-06-25,5,32,0,5,18,1,1,20,1,1,25,34,37,9
2020-06-26,5,32,0,5,18,1,1,20,1,1,25,34,37,9
2020-06-27,5,32,0,5,18,1,1,20,1,1,25,34,37,9
2020-06-28,4,30,0,5,21,1,1,19,1,1,24,36,38,9
2020-06-29,4,30,0,5,21,1,1,19,1,1,24,36,38,9
2020-06-30,4,30,0,5,21,1,1,19,1,1,24,36,38,9
2020-07-01,4,30,0,5,21,1,1,19,1,1,24,36,38,9
2020-07-02,4,30,0,5,21,1,1,19,1,1,24,36,38,9
2020-07-03,4,30,0,5,21,1,1,19,1,1,24,36,38,9
2020-07-04,4,30,0,5,21,1,1,19,1,1,24,36,38,9
2020-07-05,4,27,0,4,21,1,1,21,0,1,25,38,36,8
2020-07-06,4,27,0,4,21,1,1,21,0,1,25,38,36,8
2020-07-07,4,27,0,4,21,1,1,21,0,1,25,38,36,8
2020-07-08,4,27,0,4,21,1,1,21,0,1,25,38,36,8
2020-07-09,4,27,0,4,21,1,1,21,0,1,25,38,36,8
2020-07-10,4,27,0,4,21,1,1,21,0,1,25,38,36,8
2020-07-11,4,27,0,4,21,1,1,21,0,1,25,38,36,8
2020-07-12,4,29,0,4,23,2,1,20,1,1,24,37,36,8
2020-07-13,4,29,0,4,23,2,1,20,1,1,24,37,36,8
2020-07-14,4,29,0,4,23,2,1,20,1,1,24,37,36,8
2020-07-15,4,29,0,4,23,2,1,20,1,1,24,37,36,8
2020-07-16,4,29,0,4,23,2,1,20,1,1,24,37,36,8
2020-07-17,4,29,0,4,23,2,1,20,1,1,24,37,36,8
2020-07-18,4,29,0,4,23,2,1,20,1,1,24,37,36,8
2020-07-19,4,28,0,4,24,1,1,20,1,1,25,36,35,9
2020-07-20,4,28,0,4,24,1,1,20,1,1,25,36,35,9
2020-07-21,4,28,0,4,24,1,1,20,1,1,25,36,35,9
2020-07-22,4,28,0,4,24,1,1,20,1,1,25,36,35,9
2020-07-23,4,28,0,4,24,1,1,20,1,1,25,36,35,9
2020-07-24,4,28,0,4,24,1,1,20,1,1,25,36,35,9
2020-07-25,4,28,0,4,24,1,1,20,1,1,25,36,35,9
2020-07-26,4,28,0,4,22,1,1,21,0,1,25,37,35,8
2020-07-27,4,28,0,4,22,1,1,21,0,1,25,37,35,8
2020-07-28,4,28,0,4,22,1,1,21,0,1,25,37,35,8
2020-07-29,4,28,0,4,22,1,1,21,0,1,25,37,35,8
2020-07-30,4,28,0,4,22,1,1,21,0,1,25,37,35,8
2020-07-31,4,28,0,4,22,1,1,21,0,1,25,37,35,8
2020-08-01,4,28,0,4,22,1,1,21,0,1,25,37,35,8
2020-08-02,4,27,0,4,24,1,1,21,0,1,27,38,36,8
2020-08-03,4,27,0,4,24,1,1,21,0,1,27,38,36,8
2020-08-04,4,27,0,4,24,1,1,21,0,1,27,38,36,8
2020-08-05,4,27,0,4,24,1,1,21,0,1,27,38,36,8
2020-08-06,4,27,0,4,24,1,1,21,0,1,27,38,36,8
2020-08-07,4,27,0,4,24,1,1,21,0,1,27,38,36,8
2020-08-08,4,27,0,4,24,1,1,21,0,1,27,38,36,8
2020-08-09,4,26,0,4,23,1,1,22,1,1,29,37,33,8
2020-08-10,4,26,0,4,23,1,1,22,1,1,29,37,33,8
2020-08-11,4,26,0,4,23,1,1,22,1,1,29,37,33,8
2020-08-12,4,26,0,4,23,1,1,22,1,1,29,37,33,8
2020-08-13,4,26,0,4,23,1,1,22,1,1,29,37,33,8
2020-08-14,4,26,0,4,23,1,1,22,1,1,29,37,33,8
2020-08-15,4,26,0,4,23,1,1,22,1,1,29,37,33,8
2020-08-16,4,27,0,3,23,1,1,21,1,1,26,38,33,9
2020-08-17,4,27,0,3,23,1,1,21,1,1,26,38,33,9
2020-08-18,4,27,0,3,23,1,1,21,1,1,26,38,33,9
2020-08-19,4,27,0,3,23,1,1,21,1,1,26,38,33,9
2020-08-20,4,27,0,3,23,1,1,21,1,1,26,38,33,9
2020-08-21,4,27,0,3,23,1,1,21,1,1,26,38,33,9
2020-08-22,4,27,0,3,23,1,1,21,1,1,26,38,33,9
2020-08-23,4,26,0,3,22,1,1,18,0,1,28,40,31,8
2020-08-24,4,26,0,3,22,1,1,18,0,1,28,40,31,8
2020-08-25,4,26,0,3,22,1,1,18,0,1,28,40,31,8
2020-08-26,4,26,0,3,22,1,1,18,0,1,28,40,31,8
2020-08-27,4,26,0,3,22,1,1,18,0,1,28,40,31,8
2020-08-28,4,26,0,3,22,1,1,18,0,1,28,40,31,8
2020-08-29,4,26,0,3,22,1,1,18,0,1,28,40,31,8
2020-08-30,4,27,0,4,23,1,1,20,1,1,28,44,33,8
2020-08-31,4,27,0,4,23,1,1,20,1,1,28,44,33,8
2020-09-01,4,27,0,4,23,1,1,20,1,1,28,44,33,8
2020-09-02,4,27,0,4,23,1,1,20,1,1,28,44,33,8
2020-09-03,4,27,0,4,23,1,1,20,1,1,28,44,33,8
2020-09-04,4,27,0,4,23,1,1,20,1,1,28,44,33,8
2020-09-05,4,27,0,4,23,1,1,20,1,1,28,44,33,8
2020-09-06,4,26,0,3,23,1,1,20,1,1,29,43,32,9
2020-09-07,4,26,0,3,23,1,1,20,1,1,29,43,32,9
2020-09-08,4,26,0,3,23,1,1,20,1,1,29,43,32,9
2020-09-09,4,26,0,3,23,1,1,20,1,1,29,43,32,9
2020-09-10,4,26,0,3,23,1,1,20,1,1,29,43,32,9
2020-09-11,4,26,0,3,23,1,1,20,1,1,29,43,32,9
2020-09-12,4,26,0,3,23,1,1,20,1,1,29,43,32,9
2020-09-13,4,27,0,4,20,1,1,17,1,1,28,38,30,8
2020-09-14,4,27,0,4,20,1,1,17,1,1,28,38,30,8
2020-09-15,4,27,0,4,20,1,1,17,1,1,28,38,30,8
2020-09-16,4,27,0,4,20,1,1,17,1,1,28,38,30,8
2020-09-17,4,27,0,4,20,1,1,17,1,1,28,38,30,8
2020-09-18,4,27,0,4,20,1,1,17,1,1,28,38,30,8
2020-09-19,4,27,0,4,20,1,1,17,1,1,28,38,30,8
2020-09-20,4,25,0,3,19,1,1,18,1,1,28,37,31,8
2020-09-21,4,25,0,3,19,1,1,18,1,1,28,37,31,8
2020-09-22,4,25,0,3,19,1,1,18,1,1,28,37,31,8
2020-09-23,4,25,0,3,19,1,1,18,1,1,28,37,31,8
2020-09-24,4,25,0,3,19,1,1,18,1,1,28,37,31,8
2020-09-25,4,25,0,3,19,1,1,18,1,1,28,37,31,8
2020-09-26,4,25,0,3,19,1,1,18,1,1,28,37,31,8
2020-09-27,4,25,0,4,20,1,1,19,0,1,27,38,31,7
2020-09-28,4,25,0,4,20,1,1,19,0,1,27,38,31,7
2020-09-29,4,25,0,4,20,1,1,19,0,1,27,38,31,7
2020-09-30,4,25,0,4,20,1,1,19,0,1,27,38,31,7
2020-10-01,4,25,0,4,20,1,1,19,0,1,27,38,31,7
2020-10-02,4,25,0,4,20,1,1,19,0,1,27,38,31,7
2020-10-03,4,25,0,4,20,1,1,19,0,1,27,38,31,7
2020-10-04,4,26,0,3,20,1,1,20,0,1,27,38,29,7
2020-10-05,4,26,0,3,20,1,1,20,0,1,27,38,29,7
2020-10-06,4,26,0,3,20,1,1,20,0,1,27,38,29,7
2020-10-07,4,26,0,3,20,1,1,20,0,1,27,38,29,7
2020-10-08,4,26,0,3,20,1,1,20,0,1,27,38,29,7
2020-10-09,4,26,0,3,20,1,1,20,0,1,27,38,29,7
2020-10-10,4,26,0,3,20,1,1,20,0,1,27,38,29,7
2020-10-11,5,25,0,4,19,1,1,21,1,1,28,39,31,8
2020-10-12,5,25,0,4,19,1,1,21,1,1,28,39,31,8
2020-10-13,5,25,0,4,19,1,1,21,1,1,28,39,31,8
2020-10-14,5,25,0,4,19,1,1,21,1,1,28,39,31,8
2020-10-15,5,25,0,4,19,1,1,21,1,1,28,39,31,8
2020-10-16,5,25,0,4,19,1,1,21,1,1,28,39,31,8
2020-10-17,5,25,0,4,19,1,1,21,1,1,28,39,31,8
2020-10-18,4,25,0,4,19,1,1,19,1,1,27,36,28,7
2020-10-19,4,25,0,4,19,1,1,19,1,1,27,36,28,7
2020-10-20,4,25,0,4,19,1,1,19,1,1,27,36,28,7
2020-10-21,4,25,0,4,19,1,1,19,1,1,27,36,28,7
2020-10-22,4,25,0,4,19,1,1,19,1,1,27,36,28,7
2020-10-23,4,25,0,4,19,1,1,19,1,1,27,36,28,7
2020-10-24,4,25,0,4,19,1,1,19,1,1,27,36,28,7
2020-10-25,4,23,0,3,18,1,0,18,0,1,27,36,26,7
2020-10-26,4,23,0,3,18,1,0,18,0,1,27,36,26,7
2020-10-27,4,23,0,3,18,1,0,18,0,1,27,36,26,7
2020-10-28,4,23,0,3,18,1,0,18,0,1,27,36,26,7
2020-10-29,4,23,0,3,18,1,0,18,0,1,27,36,26,7
2020-10-30,4,23,0,3,18,1,0,18,0,1,27,36,26,7
2020-10-31,4,23,0,3,18,1,0,18,0,1,27,36,26,7
2020-11-01,4,22,0,3,15,1,1,18,0,0,26,34,25,6
2020-11-02,4,22,0,3,15,1,1,18,0,0,26,34,25,6
2020-11-03,4,22,0,3,15,1,1,18,0,0,26,34,25,6
2020-11-04,4,22,0,3,15,1,1,18,0,0,26,34,25,6
2020-11-05,4,22,0,3,15,1,1,18,0,0,26,34,25,6
2020-11-06,4,22,0,3,15,1,1,18,0,0,26,34,25,6
2020-11-07,4,22,0,3,15,1,1,18,0,0,26,34,25,6
2020-11-08,4,26,0,4,16,1,1,19,1,1,25,34,28,7
2020-11-09,4,26,0,4,16,1,1,19,1,1,25,34,28,7
2020-11-10,4,26,0,4,16,1,1,19,1,1,25,34,28,7
2020-11-11,4,26,0,4,16,1,1,19,1,1,25,34,28,7
2020-11-12,4,26,0,4,16,1,1,19,1,1,25,34,28,7
2020-11-13,4,26,0,4,16,1,1,19,1,1,25,34,28,7
2020-11-14,4,26,0,4,16,1,1,19,1,1,25,34,28,7
2020-11-15,4,23,0,5,17,1,1,19,0,0,29,34,27,7
2020-11-16,4,23,0,5,17,1,1,19,0,0,29,34,27,7
2020-11-17,4,23,0,5,17,1,1,19,0,0,29,34,27,7
2020-11-18,4,23,0,5,17,1,1,19,0,0,29,34,27,7
2020-11-19,4,23,0,5,17,1,1,19,0,0,29,34,27,7
2020-11-20,4,23,0,5,17,1,1,19,0,0,29,34,27,7
2020-11-21,4,23,0,5,17,1,1,19,0,0,29,34,27,7
2020-11-22,4,22,0,4,18,1,1,20,1,0,27,35,26,7
2020-11-23,4,22,0,4,18,1,1,20,1,0,27,35,26,7
2020-11-24,4,22,0,4,18,1,1,20,1,0,27,35,26,7
2020-11-25,4,22,0,4,18,1,1,20,1,0,27,35,26,7
2020-11-26,4,22,0,4,18,1,1,20,1,0,27,35,26,7
2020-11-27,4,22,0,4,18,1,1,20,1,0,27,35,26,7
2020-11-28,4,22,0,4,18,1,1,20,1,0,27,35,26,7
2020-11-29,4,24,0,4,21,2,1,20,0,0,27,37,25,7
2020-11-30,4,24,0,4,21,2,1,20,0,0,27,37,25,7
2020-12-01,4,24,0,4,21,2,1,20,0,0,27,37,25,7
2020-12-02,4,24,0,4,21,2,1,20,0,0,27,37,25,7
2020-12-03,4,24,0,4,21,2,1,20,0,0,27,37,25,7
2020-12-04,4,24,0,4,21,2,1,20,0,0,27,37,25,7
2020-12-05,4,24,0,4,21,2,1,20,0,0,27,37,25,7
2020-12-06,4,22,0,4,21,1,1,19,1,0,31,37,27,7
2020-12-07,4,22,0,4,21,1,1,19,1,0,31,37,27,7
2020-12-08,4,22,0,4,21,1,1,19,1,0,31,37,27,7
2020-12-09,4,22,0,4,21,1,1,19,1,0,31,37,27,7
2020-12-10,4,22,0,4,21,1,1,19,1,0,31,37,27,7
2020-12-11,4,22,0,4,21,1,1,19,1,0,31,37,27,7
2020-12-12,4,22,0,4,21,1,1,19,1,0,31,37,27,7
2020-12-13,4,22,0,4,21,2,1,23,0,0,31,39,26,7
2020-12-14,4,22,0,4,21,2,1,23,0,0,31,39,26,7
2020-12-15,4,22,0,4,21,2,1,23,0,0,31,39,26,7
2020-12-16,4,22,0,4,21,2,1,23,0,0,31,39,26,7
2020-12-17,4,22,0,4,21,2,1,23,0,0,31,39,26,7
2020-12-18,4,22,0,4,21,2,1,23,0,0,31,39,26,7
2020-12-19,4,22,0,4,21,2,1,23,0,0,31,39,26,7
2020-12-20,4,27,0,4,21,2,1,24,1,0,32,36,28,7
2020-12-21,4,27,0,4,21,2,1,24,1,0,32,36,28,7
2020-12-22,4,27,0,4,21,2,1,24,1,0,32,36,28,7
2020-12-23,4,27,0,4,21,2,1,24,1,0,32,36,28,7
2020-12-24,4,27,0,4,21,2,1,24,1,0,32,36,28,7
2020-12-25,4,27,0,4,21,2,1,24,1,0,32,36,28,7
2020-12-26,4,27,0,4,21,2,1,24,1,0,32,36,28,7
2020-12-27,4,27,0,4,20,2,1,24,1,1,33,36,28,8
2020-12-28,4,27,0,4,20,2,1,24,1,1,33,36,28,8
2020-12-29,4,27,0,4,20,2,1,24,1,1,33,36,28,8
2020-12-30,4,27,0,4,20,2,1,24,1,1,33,36,28,8
2020-12-31,4,27,0,4,20,2,1,24,1,1,33,36,28,8
2021-01-01,4,27,0,4,20,2,1,24,1,1,33,36,28,8
2021-01-02,4,27,0,4,20,2,1,24,1,1,33,36,28,8
2021-01-03,4,27,0,4,19,1,1,20,0,1,31,34,26,7
2021-01-04,4,27,0,4,19,1,1,20,0,1,31,34,26,7
2021-01-05,4,27,0,4,19,1,1,20,0,1,31,34,26,7
2021-01-06,4,27,0,4,19,1,1,20,0,1,31,34,26,7
2021-01-07,4,27,0,4,19,1,1,20,0,1,31,34,26,7
2021-01-08,4,27,0,4,19,1,1,20,0,1,31,34,26,7
2021-01-09,4,27,0,4,19,1,1,20,0,1,31,34,26,7
2021-01-10,4,23,0,4,19,1,1,20,1,1,29,33,25,7
2021-01-11,4,23,0,4,19,1,1,20,1,1,29,33,25,7
2021-01-12,4,23,0,4,19,1,1,20,1,1,29,33,25,7
2021-01-13,4,23,0,4,19,1,1,20,1,1,29,33,25,7
2021-01-14,4,23,0,4,19,1,1,20,1,1,29,33,25,7
2021-01-15,4,23,0,4,19,1,1,20,1,1,29,33,25,7
2021-01-16,4,23,0,4,19,1,1,20,1,1,29,33,25,7
2021-01-17,4,23,0,3,16,1,1,18,0,1,31,34,25,7
2021-01-18,4,23,0,3,16,1,1,18,0,1,31,34,25,7
2021-01-19,4,23,0,3,16,1,1,18,0,1,31,34,25,7
2021-01-20,4,23,0,3,16,1,1,18,0,1,31,34,25,7
2021-01-21,4,23,0,3,16,1,1,18,0,1,31,34,25,7
2021-01-22,4,23,0,3,16,1,1,18,0,1,31,34,25,7
2021-01-23,4,23,0,3,16,1,1,18,0,1,31,34,25,7
2021-01-24,4,24,0,4,15,1,1,16,1,1,31,34,27,8
2021-01-25,4,24,0,4,15,1,1,16,1,1,31,34,27,8
2021-01-26,4,24,0,4,15,1,1,16,1,1,31,34,27,8
2021-01-27,4,24,0,4,15,1,1,16,1,1,31,34,27,8
2021-01-28,4,24,0,4,15,1,1,16,1,1,31,34,27,8
2021-01-29,4,24,0,4,15,1,1,16,1,1,31,34,27,8
2021-01-30,4,24,0,4,15,1,1,16,1,1,31,34,27,8
2021-01-31,4,25,0,4,15,1,1,19,1,1,33,35,26,7
2021-02-01,4,25,0,4,15,1,1,19,1,1,33,35,26,7
2021-02-02,4,25,0,4,15,1,1,19,1,1,33,35,26,7
2021-02-03,4,25,0,4,15,1,1,19,1,1,33,35,26,7
2021-02-04,4,25,0,4,15,1,1,19,1,1,33,35,26,7
2021-02-05,4,25,0,4,15,1,1,19,1,1,33,35,26,7
2021-02-06,4,25,0,4,15,1,1,19,1,1,33,35,26,7
2021-02-07,4,24,0,4,18,1,1,21,1,1,35,40,27,7
2021-02-08,4,24,0,4,18,1,1,21,1,1,35,40,27,7
2021-02-09,4,24,0,4,18,1,1,21,1,1,35,40,27,7
2021-02-10,4,24,0,4,18,1,1,21,1,1,35,40,27,7
2021-02-11,4,24,0,4,18,1,1,21,1,1,35,40,27,7
2021-02-12,4,24,0,4,18,1,1,21,1,1,35,40,27,7
2021-02-13,4,24,0,4,18,1,1,21,1,1,35,40,27,7
2021-02-14,4,27,0,4,17,1,1,22,1,1,35,38,28,7
2021-02-15,4,27,0,4,17,1,1,22,1,1,35,38,28,7
2021-02-16,4,27,0,4,17,1,1,22,1,1,35,38,28,7
2021-02-17,4,27,0,4,17,1,1,22,1,1,35,38,28,7
2021-02-18,4,27,0,4,17,1,1,22,1,1,35,38,28,7
2021-02-19,4,27,0,4,17,1,1,22,1,1,35,38,28,7
2021-02-20,4,27,0,4,17,1,1,22,1,1,35,38,28,7
2021-02-21,5,27,0,4,20,1,1,22,1,1,34,37,28,8
2021-02-22,5,27,0,4,20,1,1,22,1,1,34,37,28,8
2021-02-23,5,27,0,4,20,1,1,22,1,1,34,37,28,8
2021-02-24,5,27,0,4,20,1,1,22,1,1,34,37,28,8
2021-02-25,5,27,0,4,20,1,1,22,1,1,34,37,28,8
2021-02-26,5,27,0,4,20,1,1,22,1,1,34,37,28,8
2021-02-27,5,27,0,4,20,1,1,22,1,1,34,37,28,8
2021-02-28,5,29,0,4,20,1,1,26,1,1,36,36,32,8
2021-03-01,5,29,0,4,20,1,1,26,1,1,36,36,32,8
2021-03-02,5,29,0,4,20,1,1,26,1,1,36,36,32,8
2021-03-03,5,29,0,4,20,1,1,26,1,1,36,36,32,8
2021-03-04,5,29,0,4,20,1,1,26,1,1,36,36,32,8
2021-03-05,5,29,0,4,20,1,1,26,1,1,36,36,32,8
2021-03-06,5,29,0,4,20,1,1,26,1,1,36,36,32,8
2021-03-07,6,31,0,4,20,2,1,30,1,1,35,38,34,8
2021-03-08,6,31,0,4,20,2,1,30,1,1,35,38,34,8
2021-03-09,6,31,0,4,20,2,1,30,1,1,35,38,34,8
2021-03-10,6,31,0,4,20,2,1,30,1,1,35,38,34,8
2021-03-11,6,31,0,4,20,2,1,30,1,1,35,38,34,8
2021-03-12,6,31,0,4,20,2,1,30,1,1,35,38,34,8
2021-03-13,6,31,0,4,20,2,1,30,1,1,35,38,34,8
2021-03-14,6,32,0,4,20,2,1,28,1,1,34,37,35,8
2021-03-15,6,32,0,4,20,2,1,28,1,1,34,37,35,8
2021-03-16,6,32,0,4,20,2,1,28,1,1,34,37,35,8
2021-03-17,6,32,0,4,20,2,1,28,1,1,34,37,35,8
2021-03-18,6,32,0,4,20,2,1,28,1,1,34,37,35,8
2021-03-19,6,32,0,4,20,2,1,28,1,1,34,37,35,8
2021-03-20,6,32,0,4,20,2,1,28,1,1,34,37,35,8
2021-03-21,6,32,0,4,21,1,1,32,1,1,33,36,36,8
2021-03-22,6,32,0,4,21,1,1,32,1,1,33,36,36,8
2021-03-23,6,32,0,4,21,1,1,32,1,1,33,36,36,8
2021-03-24,6,32,0,4,21,1,1,32,1,1,33,36,36,8
2021-03-25,6,32,0,4,21,1,1,32,1,1,33,36,36,8
2021-03-26,6,32,0,4,21,1,1,32,1,1,33,36,36,8
2021-03-27,6,32,0,4,21,1,1,32,1,1,33,36,36,8
2021-03-28,6,32,0,4,22,2,1,32,1,1,34,37,37,8
2021-03-29,6,32,0,4,22,2,1,32,1,1,34,37,37,8
2021-03-30,6,32,0,4,22,2,1,32,1,1,34,37,37,8
2021-03-31,6,32,0,4,22,2,1,32,1,1,34,37,37,8
2021-04-01,6,32,0,4,22,2,1,32,1,1,34,37,37,8
2021-04-02,6,32,0,4,22,2,1,32,1,1,34,37,37,8
2021-04-03,6,32,0,4,22,2,1,32,1,1,34,37,37,8
2021-04-04,5,31,0,4,21,1,1,30,1,1,32,37,37,8
2021-04-05,5,31,0,4,21,1,1,30,1,1,32,37,37,8
2021-04-06,5,31,0,4,21,1,1,30,1,1,32,37,37,8
2021-04-07,5,31,0,4,21,1,1,30,1,1,32,37,37,8
2021-04-08,5,31,0,4,21,1,1,30,1,1,32,37,37,8
2021-04-09,5,31,0,4,21,1,1,30,1,1,32,37,37,8
2021-04-10,5,31,0,4,21,1,1,30,1,1,32,37,37,8
2021-04-11,5,31,0,4,21,1,1,31,1,1,31,36,35,8
2021-04-12,5,31,0,4,21,1,1,31,1,1,31,36,35,8
2021-04-13,5,31,0,4,21,1,1,31,1,1,31,36,35,8
2021-04-14,5,31,0,4,21,1,1,31,1,1,31,36,35,8
2021-04-15,5,31,0,4,21,1,1,31,1,1,31,36,35,8
2021-04-16,5,31,0,4,21,1,1,31,1,1,31,36,35,8
2021-04-17,5,31,0,4,21,1,1,31,1,1,31,36,35,8
2021-04-18,5,31,0,5,20,1,1,30,1,1,29,36,35,7
2021-04-19,5,31,0,5,20,1,1,30,1,1,29,36,35,7
2021-04-20,5,31,0,5,20,1,1,30,1,1,29,36,35,7
2021-04-21,5,31,0,5,20,1,1,30,1,1,29,36,35,7
2021-04-22,5,31,0,5,20,1,1,30,1,1,29,36,35,7
2021-04-23,5,31,0,5,20,1,1,30,1,1,29,36,35,7
2021-04-24,5,31,0,5,20,1,1,30,1,1,29,36,35,7
2021-04-25,5,32,0,4,22,2,1,30,2,1,27,34,35,7
2021-04-26,5,32,0,4,22,2,1,30,2,1,27,34,35,7
2021-04-27,5,32,0,4,22,2,1,30,2,1,27,34,35,7
2021-04-28,5,32,0,4,22,2,1,30,2,1,27,34,35,7
2021-04-29,5,32,0,4,22,2,1,30,2,1,27,34,35,7
2021-04-30,5,32,0,4,22,2,1,30,2,1,27,34,35,7
2021-05-01,5,32,0,4,22,2,1,30,2,1,27,34,35,7
2021-05-02,5,33,0,4,23,1,1,34,1,1,28,35,39,7
2021-05-03,5,33,0,4,23,1,1,34,1,1,28,35,39,7
2021-05-04,5,33,0,4,23,1,1,34,1,1,28,35,39,7
2021-05-05,5,33,0,4,23,1,1,34,1,1,28,35,39,7
2021-05-06,5,33,0,4,23,1,1,34,1,1,28,35,39,7
2021-05-07,5,33,0,4,23,1,1,34,1,1,28,35,39,7
2021-05-08,5,33,0,4,23,1,1,34,1,1,28,35,39,7
2021-05-09,5,33,0,4,24,2,1,37,2,1,26,34,42,7
2021-05-10,5,33,0,4,24,2,1,37,2,1,26,34,42,7
2021-05-11,5,33,0,4,24,2,1,37,2,1,26,34,42,7
2021-05-12,5,33,0,4,24,2,1,37,2,1,26,34,42,7
2021-05-13,5,33,0,4,24,2,1,37,2,1,26,34,42,7
2021-05-14,5,33,0,4,24,2,1,37,2,1,26,34,42,7
2021-05-15,5,33,0,4,24,2,1,37,2,1,26,34,42,7
2021-05-16,6,34,0,5,25,2,1,40,2,1,28,36,38,8
2021-05-17,6,34,0,5,25,2,1,40,2,1,28,36,38,8
2021-05-18,6,34,0,5,25,2,1,40,2,1,28,36,38,8
2021-05-19,6,34,0,5,25,2,1,40,2,1,28,36,38,8
2021-05-20,6,34,0,5,25,2,1,40,2,1,28,36,38,8
2021-05-21,6,34,0,5,25,2,1,40,2,1,28,36,38,8
2021-05-22,6,34,0,5,25,2,1,40,2,1,28,36,38,8
2021-05-23,6,35,0,5,26,2,1,39,2,1,31,36,39,8
2021-05-24,6,35,0,5,26,2,1,39,2,1,31,36,39,8
2021-05-25,6,35,0,5,26,2,1,39,2,1,31,36,39,8
2021-05-26,6,35,0,5,26,2,1,39,2,1,31,36,39,8
2021-05-27,6,35,0,5,26,2,1,39,2,1,31,36,39,8
2021-05-28,6,35,0,5,26,2,1,39,2,1,31,36,39,8
2021-05-29,6,35,0,5,26,2,1,39,2,1,31,36,39,8
2021-05-30,6,37,0,5,27,2,2,41,1,1,34,41,39,8
2021-05-31,6,37,0,5,27,2,2,41,1,1,34,41,39,8
2021-06-01,6,37,0,5,27,2,2,41,1,1,34,41,39,8
2021-06-02,6,37,0,5,27,2,2,41,1,1,34,41,39,8
2021-06-03,6,37,0,5,27,2,2,41,1,1,34,41,39,8
2021-06-04,6,37,0,5,27,2,2,41,1,1,34,41,39,8
2021-06-05,6,37,0,5,27,2,2,41,1,1,34,41,39,8
2021-06-06,6,36,0,5,29,2,2,44,2,1,35,40,40,8
2021-06-07,6,36,0,5,29,2,2,44,2,1,35,40,40,8
2021-06-08,6,36,0,5,29,2,2,44,2,1,35,40,40,8
2021-06-09,6,36,0,5,29,2,2,44,2,1,35,40,40,8
2021-06-10,6,36,0,5,29,2,2,44,2,1,35,40,40,8
2021-06-11,6,36,0,5,29,2,2,44,2,1,35,40,40,8
2021-06-12,6,36,0,5,29,2,2,44,2,1,35,40,40,8
2021-06-13,6,36,0,5,29,2,2,46,2,1,37,41,43,8
2021-06-14,6,36,0,5,29,2,2,46,2,1,37,41,43,8
2021-06-15,6,36,0,5,29,2,2,46,2,1,37,41,43,8
2021-06-16,6,36,0,5,29,2,2,46,2,1,37,41,43,8
2021-06-17,6,36,0,5,29,2,2,46,2,1,37,41,43,8
2021-06-18,6,36,0,5,29,2,2,46,2,1,37,41,43,8
2021-06-19,6,36,0,5,29,2,2,46,2,1,37,41,43,8
2021-06-20,6,38,0,6,32,2,2,48,2,1,42,44,41,9
2021-06-21,6,38,0,6,32,2,2,48,2,1,42,44,41,9
2021-06-22,6,38,0,6,32,2,2,48,2,1,42,44,41,9
2021-06-23,6,38,0,6,32,2,2,48,2,1,42,44,41,9
2021-06-24,6,38,0,6,32,2,2,48,2,1,42,44,41,9
2021-06-25,6,38,0,6,32,2,2,48,2,1,42,44,41,9
2021-06-26,6,38,0,6,32,2,2,48,2,1,42,44,41,9
2021-06-27,6,39,0,5,34,2,2,48,2,1,41,46,42,9
2021-06-28,6,39,0,5,34,2,2,48,2,1,41,46,42,9
2021-06-29,6,39,0,5,34,2,2,48,2,1,41,46,42,9
2021-06-30,6,39,0,5,34,2,2,48,2,1,41,46,42,9
2021-07-01,6,39,0,5,34,2,2,48,2,1,41,46,42,9
2021-07-02,6,39,0,5,34,2,2,48,2,1,41,46,42,9
2021-07-03,6,39,0,5,34,2,2,48,2,1,41,46,42,9
2021-07-04,6,40,0,5,33,2,2,48,2,1,43,48,41,9
2021-07-05,6,40,0,5,33,2,2,48,2,1,43,48,41,9
2021-07-06,6,40,0,5,33,2,2,48,2,1,43,48,41,9
2021-07-07,6,40,0,5,33,2,2,48,2,1,43,48,41,9
2021-07-08,6,40,0,5,33,2,2,48,2,1,43,48,41,9
2021-07-09,6,40,0,5,33,2,2,48,2,1,43,48,41,9
2021-07-10,6,40,0,5,33,2,2,48,2,1,43,48,41,9
2021-07-11,6,40,0,5,37,2,2,52,2,1,47,48,43,9
2021-07-12,6,40,0,5,37,2,2,52,2,1,47,48,43,9
2021-07-13,6,40,0,5,37,2,2,52,2,1,47,48,43,9
2021-07-14,6,40,0,5,37,2,2,52,2,1,47,48,43,9
2021-07-15,6,40,0,5,37,2,2,52,2,1,47,48,43,9
2021-07-16,6,40,0,5,37,2,2,52,2,1,47,48,43,9
2021-07-17,6,40,0,5,37,2,2,52,2,1,47,48,43,9
2021-07-18,6,39,0,5,39,3,2,53,2,1,49,50,46,9
2021-07-19,6,39,0,5,39,3,2,53,2,1,49,50,46,9
2021-07-20,6,39,0,5,39,3,2,53,2,1,49,50,46,9
2021-07-21,6,39,0,5,39,3,2,53,2,1,49,50,46,9
2021-07-22,6,39,0,5,39,3,2,53,2,1,49,50,46,9
2021-07-23,6,39,0,5,39,3,2,53,2,1,49,50,46,9
2021-07-24,6,39,0,5,39,3,2,53,2,1,49,50,46,9
2021-07-25,6,37,0,5,38,3,2,48,2,1,45,48,42,9
2021-07-26,6,37,0,5,38,3,2,48,2,1,45,48,42,9
2021-07-27,6,37,0,5,38,3,2,48,2,1,45,48,42,9
2021-07-28,6,37,0,5,38,3,2,48,2,1,45,48,42,9
2021-07-29,6,37,0,5,38,3,2,48,2,1,45,48,42,9
2021-07-30,6,37,0,5,38,3,2,48,2,1,45,48,42,9
2021-07-31,6,37,0,5,38,3,2,48,2,1,45,48,42,9
2021-08-01,5,36,0,6,40,3,2,47,2,1,46,49,40,9
2021-08-02,5,36,0,6,40,3,2,47,2,1,46,49,40,9
2021-08-03,5,36,0,6,40,3,2,47,2,1,46,49,40,9
2021-08-04,5,36,0,6,40,3,2,47,2,1,46,49,40,9
2021-08-05,5,36,0,6,40,3,2,47,2,1,46,49,40,9
2021-08-06,5,36,0,6,40,3,2,47,2,1,46,49,40,9
2021-08-07,5,36,0,6,40,3,2,47,2,1,46,49,40,9
2021-08-08,5,33,0,5,39,3,2,44,2,1,47,53,40,9
2021-08-09,5,33,0,5,39,3,2,44,2,1,47,53,40,9
2021-08-10,5,33,0,5,39,3,2,44,2,1,47,53,40,9
2021-08-11,5,33,0,5,39,3,2,44,2,1,47,53,40,9
2021-08-12,5,33,0,5,39,3,2,44,2,1,47,53,40,9
2021-08-13,5,33,0,5,39,3,2,44,2,1,47,53,40,9
2021-08-14,5,33,0,5,39,3,2,44,2,1,47,53,40,9
2021-08-15,5,35,0,5,37,2,3,42,1,1,50,54,39,9
2021-08-16,5,35,0,5,37,2,3,42,1,1,50,54,39,9
2021-08-17,5,35,0,5,37,2,3,42,1,1,50,54,39,9
2021-08-18,5,35,0,5,37,2,3,42,1,1,50,54,39,9
2021-08-19,5,35,0,5,37,2,3,42,1,1,50,54,39,9
2021-08-20,5,35,0,5,37,2,3,42,1,1,50,54,39,9
2021-08-21,5,35,0,5,37,2,3,42,1,1,50,54,39,9
2021-08-22,5,33,0,5,37,2,2,41,2,1,48,54,38,9
2021-08-23,5,33,0,5,37,2,2,41,2,1,48,54,38,9
2021-08-24,5,33,0,5,37,2,2,41,2,1,48,54,38,9
2021-08-25,5,33,0,5,37,2,2,41,2,1,48,54,38,9
2021-08-26,5,33,0,5,37,2,2,41,2,1,48,54,38,9
2021-08-27,5,33,0,5,37,2,2,41,2,1,48,54,38,9
2021-08-28,5,33,0,5,37,2,2,41,2,1,48,54,38,9
2021-08-29,5,33,0,5,38,2,2,36,2,1,47,54,38,8
2021-08-30,5,33,0,5,38,2,2,36,2,1,47,54,38,8
2021-08-31,5,33,0,5,38,2,2,36,2,1,47,54,38,8
2021-09-01,5,33,0,5,38,2,2,36,2,1,47,54,38,8
2021-09-02,5,33,0,5,38,2,2,36,2,1,47,54,38,8
2021-09-03,5,33,0,5,38,2,2,36,2,1,47,54,38,8
2021-09-04,5,33,0,5,38,2,2,36,2,1,47,54,38,8
2021-09-05,5,34,0,4,34,2,2,35,1,1,46,57,35,8
2021-09-06,5,34,0,4,34,2,2,35,1,1,46,57,35,8
2021-09-07,5,34,0,4,34,2,2,35,1,1,46,57,35,8
2021-09-08,5,34,0,4,34,2,2,35,1,1,46,57,35,8
2021-09-09,5,34,0,4,34,2,2,35,1,1,46,57,35,8
2021-09-10,5,34,0,4,34,2,2,35,1,1,46,57,35,8
2021-09-11,5,34,0,4,34,2,2,35,1,1,46,57,35,8
2021-09-12,5,36,0,5,36,2,2,37,1,1,45,55,37,8
2021-09-13,5,36,0,5,36,2,2,37,1,1,45,55,37,8
2021-09-14,5,36,0,5,36,2,2,37,1,1,45,55,37,8
2021-09-15,5,36,0,5,36,2,2,37,1,1,45,55,37,8
2021-09-16,5,36,0,5,36,2,2,37,1,1,45,55,37,8
2021-09-17,5,36,0,5,36,2,2,37,1,1,45,55,37,8
2021-09-18,5,36,0,5,36,2,2,37,1,1,45,55,37,8
2021-09-19,5,36,0,4,35,2,2,39,2,1,45,54,35,9
2021-09-20,5,36,0,4,35,2,2,39,2,1,45,54,35,9
2021-09-21,5,36,0,4,35,2,2,39,2,1,45,54,35,9
2021-09-22,5,36,0,4,35,2,2,39,2,1,45,54,35,9
2021-09-23,5,36,0,4,35,2,2,39,2,1,45,54,35,9
2021-09-24,5,36,0,4,35,2,2,39,2,1,45,54,35,9
2021-09-25,5,36,0,4,35,2,2,39,2,1,45,54,35,9
2021-09-26,5,33,0,4,37,2,1,36,2,1,49,53,36,8
2021-09-27,5,33,0,4,37,2,1,36,2,1,49,53,36,8
2021-09-28,5,33,0,4,37,2,1,36,2,1,49,53,36,8
2021-09-29,5,33,0,4,37,2,1,36,2,1,49,53,36,8
2021-09-30,5,33,0,4,37,2,1,36,2,1,49,53,36,8
2021-10-01,5,33,0,4,37,2,1,36,2,1,49,53,36,8
2021-10-02,5,33,0,4,37,2,1,36,2,1,49,53,36,8
2021-10-03,5,37,0,4,36,2,2,40,2,1,47,52,37,8
2021-10-04,5,37,0,4,36,2,2,40,2,1,47,52,37,8
2021-10-05,5,37,0,4,36,2,2,40,2,1,47,52,37,8
2021-10-06,5,37,0,4,36,2,2,40,2,1,47,52,37,8
2021-10-07,5,37,0,4,36,2,2,40,2,1,47,52,37,8
2021-10-08,5,37,0,4,36,2,2,40,2,1,47,52,37,8
2021-10-09,5,37,0,4,36,2,2,40,2,1,47,52,37,8
2021-10-10,5,38,0,4,38,2,2,40,2,1,49,54,36,8
2021-10-11,5,38,0,4,38,2,2,40,2,1,49,54,36,8
2021-10-12,5,38,0,4,38,2,2,40,2,1,49,54,36,8
2021-10-13,5,38,0,4,38,2,2,40,2,1,49,54,36,8
2021-10-14,5,38,0,4,38,2,2,40,2,1,49,54,36,8
2021-10-15,5,38,0,4,38,2,2,40,2,1,49,54,36,8
2021-10-16,5,38,0,4,38,2,2,40,2,1,49,54,36,8
2021-10-17,5,35,0,4,39,3,2,38,2,1,51,51,34,8
2021-10-18,5,35,0,4,39,3,2,38,2,1,51,51,34,8
2021-10-19,5,35,0,4,39,3,2,38,2,1,51,51,34,8
2021-10-20,5,35,0,4,39,3,2,38,2,1,51,51,34,8
2021-10-21,5,35,0,4,39,3,2,38,2,1,51,51,34,8
2021-10-22,5,35,0,4,39,3,2,38,2,1,51,51,34,8
2021-10-23,5,35,0,4,39,3,2,38,2,1,51,51,34,8
2021-10-24,6,37,0,4,33,2,2,37,2,1,48,51,33,8
2021-10-25,6,37,0,4,33,2,2,37,2,1,48,51,33,8
2021-10-26,6,37,0,4,33,2,2,37,2,1,48,51,33,8
2021-10-27,6,37,0,4,33,2,2,37,2,1,48,51,33,8
2021-10-28,6,37,0,4,33,2,2,37,2,1,48,51,33,8
2021-10-29,6,37,0,4,33,2,2,37,2,1,48,51,33,8
2021-10-30,6,37,0,4,33,2,2,37,2,1,48,51,33,8
2021-10-31,6,37,0,4,37,2,2,37,2,1,49,51,33,8
2021-11-01,6,37,0,4,37,2,2,37,2,1,49,51,33,8
2021-11-02,6,37,0,4,37,2,2,37,2,1,49,51,33,8
2021-11-03,6,37,0,4,37,2,2,37,2,1,49,51,33,8
2021-11-04,6,37,0,4,37,2,2,37,2,1,49,51,33,8
2021-11-05,6,37,0,4,37,2,2,37,2,1,49,51,33,8
2021-11-06,6,37,0,4,37,2,2,37,2,1,49,51,33,8
2021-11-07,6,37,0,4,39,2,1,41,1,1,51,54,31,8
2021-11-08,6,37,0,4,39,2,1,41,1,1,51,54,31,8
2021-11-09,6,37,0,4,39,2,1,41,1,1,51,54,31,8
2021-11-10,6,37,0,4,39,2,1,41,1,1,51,54,31,8
2021-11-11,6,37,0,4,39,2,1,41,1,1,51,54,31,8
2021-11-12,6,37,0,4,39,2,1,41,1,1,51,54,31,8
2021-11-13,6,37,0,4,39,2,1,41,1,1,51,54,31,8
2021-11-14,6,37,0,4,39,2,2,41,2,1,51,52,34,8
2021-11-15,6,37,0,4,39,2,2,41,2,1,51,52,34,8
2021-11-16,6,37,0,4,39,2,2,41,2,1,51,52,34,8
2021-11-17,6,37,0,4,39,2,2,41,2,1,51,52,34,8
2021-11-18,6,37,0,4,39,2,2,41,2,1,51,52,34,8
2021-11-19,6,37,0,4,39,2,2,41,2,1,51,52,34,8
2021-11-20,6,37,0,4,39,2,2,41,2,1,51,52,34,8
2021-11-21,5,35,0,4,41,2,2,42,2,0,54,48,31,8
2021-11-22,5,35,0,4,41,2,2,42,2,0,54,48,31,8
2021-11-23,5,35,0,4,41,2,2,42,2,0,54,48,31,8
2021-11-24,5,35,0,4,41,2,2,42,2,0,54,48,31,8
2021-11-25,5,35,0,4,41,2,2,42,2,0,54,48,31,8
2021-11-26,5,35,0,4,41,2,2,42,2,0,54,48,31,8
2021-11-27,5,35,0,4,41,2,2,42,2,0,54,48,31,8
2021-11-28,5,36,0,9,39,2,2,40,2,0,48,48,31,7
2021-11-29,5,36,0,9,39,2,2,40,2,0,48,48,31,7
2021-11-30,5,36,0,9,39,2,2,40,2,0,48,48,31,7
2021-12-01,5,36,0,9,39,2,2,40,2,0,48,48,31,7
2021-12-02,5,36,0,9,39,2,2,40,2,0,48,48,31,7
2021-12-03,5,36,0,9,39,2,2,40,2,0,48,48,31,7
2021-12-04,5,36,0,9,39,2,2,40,2,0,48,48,31,7
2021-12-05,5,35,0,6,36,2,2,42,2,0,47,52,33,8
2021-12-06,5,35,0,6,36,2,2,42,2,0,47,52,33,8
2021-12-07,5,35,0,6,36,2,2,42,2,0,47,52,33,8
2021-12-08,5,35,0,6,36,2,2,42,2,0,47,52,33,8
2021-12-09,5,35,0,6,36,2,2,42,2,0,47,52,33,8
2021-12-10,5,35,0,6,36,2,2,42,2,0,47,52,33,8
2021-12-11,5,35,0,6,36,2,2,42,2,0,47,52,33,8
2021-12-12,5,34,0,7,41,3,2,44,2,0,48,49,34,8
2021-12-13,5,34,0,7,41,3,2,44,2,0,48,49,34,8
2021-12-14,5,34,0,7,41,3,2,44,2,0,48,49,34,8
2021-12-15,5,34,0,7,41,3,2,44,2,0,48,49,34,8
2021-12-16,5,34,0,7,41,3,2,44,2,0,48,49,34,8
2021-12-17,5,34,0,7,41,3,2,44,2,0,48,49,34,8
2021-12-18,5,34,0,7,41,3,2,44,2,0,48,49,34,8
2021-12-19,4,35,0,6,40,3,2,46,3,0,48,48,32,8
2021-12-20,4,35,0,6,40,3,2,46,3,0,48,48,32,8
2021-12-21,4,35,0,6,40,3,2,46,3,0,48,48,32,8
2021-12-22,4,35,0,6,40,3,2,46,3,0,48,48,32,8
2021-12-23,4,35,0,6,40,3,2,46,3,0,48,48,32,8
2021-12-24,4,35,0,6,40,3,2,46,3,0,48,48,32,8
2021-12-25,4,35,0,6,40,3,2,46,3,0,48,48,32,8
2021-12-26,4,40,0,5,40,3,2,44,2,1,47,49,32,9
2021-12-27,4,40,0,5,40,3,2,44,2,1,47,49,32,9
2021-12-28,4,40,0,5,40,3,2,44,2,1,47,49,32,9
2021-12-29,4,40,0,5,40,3,2,44,2,1,47,49,32,9
2021-12-30,4,40,0,5,40,3,2,44,2,1,47,49,32,9
2021-12-31,4,40,0,5,40,3,2,44,2,1,47,49,32,9
2022-01-01,4,40,0,5,40,3,2,44,2,1,47,49,32,9
2022-01-02,5,40,0,6,37,2,3,38,2,1,42,44,30,8
2022-01-03,5,40,0,6,37,2,3,38,2,1,42,44,30,8
2022-01-04,5,40,0,6,37,2,3,38,2,1,42,44,30,8
2022-01-05,5,40,0,6,37,2,3,38,2,1,42,44,30,8
2022-01-06,5,40,0,6,37,2,3,38,2,1,42,44,30,8
2022-01-07,5,40,0,6,37,2,3,38,2,1,42,44,30,8
2022-01-08,5,40,0,6,37,2,3,38,2,1,42,44,30,8
2022-01-09,4,36,0,5,35,2,2,36,2,1,38,40,28,8
2022-01-10,4,36,0,5,35,2,2,36,2,1,38,40,28,8
2022-01-11,4,36,0,5,35,2,2,36,2,1,38,40,28,8
2022-01-12,4,36,0,5,35,2,2,36,2,1,38,40,28,8
2022-01-13,4,36,0,5,35,2,2,36,2,1,38,40,28,8
2022-01-14,4,36,0,5,35,2,2,36,2,1,38,40,28,8
2022-01-15,4,36,0,5,35,2,2,36,2,1,38,40,28,8
2022-01-16,4,35,0,4,33,2,2,33,2,1,36,41,26,7
2022-01-17,4,35,0,4,33,2,2,33,2,1,36,41,26,7
2022-01-18,4,35,0,4,33,2,2,33,2,1,36,41,26,7
2022-01-19,4,35,0,4,33,2,2,33,2,1,36,41,26,7
2022-01-20,4,35,0,4,33,2,2,33,2,1,36,41,26,7
2022-01-21,4,35,0,4,33,2,2,33,2,1,36,41,26,7
2022-01-22,4,35,0,4,33,2,2,33,2,1,36,41,26,7
2022-01-23,5,36,0,4,36,2,2,33,2,1,40,41,29,8
2022-01-24,5,36,0,4,36,2,2,33,2,1,40,41,29,8
2022-01-25,5,36,0,4,36,2,2,33,2,1,40,41,29,8
2022-01-26,5,36,0,4,36,2,2,33,2,1,40,41,29,8
2022-01-27,5,36,0,4,36,2,2,33,2,1,40,41,29,8
2022-01-28,5,36,0,4,36,2,2,33,2,1,40,41,29,8
2022-01-29,5,36,0,4,36,2,2,33,2,1,40,41,29,8
2022-01-30,5,40,0,5,37,2,2,37,2,1,45,51,30,8
2022-01-31,5,40,0,5,37,2,2,37,2,1,45,51,30,8
2022-02-01,5,40,0,5,37,2,2,37,2,1,45,51,30,8
2022-02-02,5,40,0,5,37,2,2,37,2,1,45,51,30,8
2022-02-03,5,40,0,5,37,2,2,37,2,1,45,51,30,8
2022-02-04,5,40,0,5,37,2,2,37,2,1,45,51,30,8
2022-02-05,5,40,0,5,37,2,2,37,2,1,45,51,30,8
2022-02-06,6,42,0,5,41,2,2,42,2,1,49,50,32,9
2022-02-07,6,42,0,5,41,2,2,42,2,1,49,50,32,9
2022-02-08,6,42,0,5,41,2,2,42,2,1,49,50,32,9
2022-02-09,6,42,0,5,41,2,2,42,2,1,49,50,32,9
2022-02-10,6,42,0,5,41,2,2,42,2,1,49,50,32,9
2022-02-11,6,42,0,5,41,2,2,42,2,1,49,50,32,9
2022-02-12,6,42,0,5,41,2,2,42,2,1,49,50,32,9
2022-02-13,6,45,0,5,44,2,2,45,2,1,54,55,32,9
2022-02-14,6,45,0,5,44,2,2,45,2,1,54,55,32,9
2022-02-15,6,45,0,5,44,2,2,45,2,1,54,55,32,9
2022-02-16,6,45,0,5,44,2,2,45,2,1,54,55,32,9
2022-02-17,6,45,0,5,44,2,2,45,2,1,54,55,32,9
2022-02-18,6,45,0,5,44,2,2,45,2,1,54,55,32,9
2022-02-19,6,45,0,5,44,2,2,45,2,1,54,55,32,9
2022-02-20,6,46,0,4,47,2,3,44,2,1,55,55,34,9
2022-02-21,6,46,0,4,47,2,3,44,2,1,55,55,34,9
2022-02-22,6,46,0,4,47,2,3,44,2,1,55,55,34,9
2022-02-23,6,46,0,4,47,2,3,44,2,1,55,55,34,9
2022-02-24,6,46,0,4,47,2,3,44,2,1,55,55,34,9
2022-02-25,6,46,0,4,47,2,3,44,2,1,55,55,34,9
2022-02-26,6,46,0,4,47,2,3,44,2,1,55,55,34,9
2022-02-27,6,47,0,5,46,3,3,46,3,1,56,53,34,9
2022-02-28,6,47,0,5,46,3,3,46,3,1,56,53,34,9
2022-03-01,6,47,0,5,46,3,3,46,3,1,56,53,34,9
2022-03-02,6,47,0,5,46,3,3,46,3,1,56,53,34,9
2022-03-03,6,47,0,5,46,3,3,46,3,1,56,53,34,9
2022-03-04,6,47,0,5,46,3,3,46,3,1,56,53,34,9
2022-03-05,6,47,0,5,46,3,3,46,3,1,56,53,34,9
2022-03-06,7,48,0,4,49,3,3,49,3,1,56,55,35,9
2022-03-07,7,48,0,4,49,3,3,49,3,1,56,55,35,9
2022-03-08,7,48,0,4,49,3,3,49,3,1,56,55,35,9
2022-03-09,7,48,0,4,49,3,3,49,3,1,56,55,35,9
2022-03-10,7,48,0,4,49,3,3,49,3,1,56,55,35,9
2022-03-11,7,48,0,4,49,3,3,49,3,1,56,55,35,9
2022-03-12,7,48,0,4,49,3,3,49,3,1,56,55,35,9
2022-03-13,7,46,0,5,48,3,3,47,3,1,57,53,35,9
2022-03-14,7,46,0,5,48,3,3,47,3,1,57,53,35,9
2022-03-15,7,46,0,5,48,3,3,47,3,1,57,53,35,9
2022-03-16,7,46,0,5,48,3,3,47,3,1,57,53,35,9
2022-03-17,7,46,0,5,48,3,3,47,3,1,57,53,35,9
2022-03-18,7,46,0,5,48,3,3,47,3,1,57,53,35,9
2022-03-19,7,46,0,5,48,3,3,47,3,1,57,53,35,9
2022-03-20,7,47,0,5,51,3,3,51,3,1,60,55,37,10
2022-03-21,7,47,0,5,51,3,3,51,3,1,60,55,37,10
2022-03-22,7,47,0,5,51,3,3,51,3,1,60,55,37,10
2022-03-23,7,47,0,5,51,3,3,51,3,1,60,55,37,10
2022-03-24,7,47,0,5,51,3,3,51,3,1,60,55,37,10
2022-03-25,7,47,0,5,51,3,3,51,3,1,60,55,37,10
2022-03-26,7,47,0,5,51,3,3,51,3,1,60,55,37,10
2022-03-27,6,46,0,4,50,3,3,50,3,1,57,56,36,9
2022-03-28,6,46,0,4,50,3,3,50,3,1,57,56,36,9
2022-03-29,6,46,0,4,50,3,3,50,3,1,57,56,36,9
2022-03-30,6,46,0,4,50,3,3,50,3,1,57,56,36,9
2022-03-31,6,46,0,4,50,3,3,50,3,1,57,56,36,9
2022-04-01,6,46,0,4,50,3,3,50,3,1,57,56,36,9
2022-04-02,6,46,0,4,50,3,3,50,3,1,57,56,36,9
2022-04-03,6,50,0,4,48,3,4,50,3,1,61,57,36,9
2022-04-04,6,50,0,4,48,3,4,50,3,1,61,57,36,9
2022-04-05,6,50,0,4,48,3,4,50,3,1,61,57,36,9
2022-04-06,6,50,0,4,48,3,4,50,3,1,61,57,36,9
2022-04-07,6,50,0,4,48,3,4,50,3,1,61,57,36,9
2022-04-08,6,50,0,4,48,3,4,50,3,1,61,57,36,9
2022-04-09,6,50,0,4,48,3,4,50,3,1,61,57,36,9
2022-04-10,6,45,0,4,54,3,4,53,3,1,65,64,37,10
2022-04-11,6,45,0,4,54,3,4,53,3,1,65,64,37,10
2022-04-12,6,45,0,4,54,3,4,53,3,1,65,64,37,10
2022-04-13,6,45,0,4,54,3,4,53,3,1,65,64,37,10
2022-04-14,6,45,0,4,54,3,4,53,3,1,65,64,37,10
2022-04-15,6,45,0,4,54,3,4,53,3,1,65,64,37,10
2022-04-16,6,45,0,4,54,3,4,53,3,1,65,64,37,10
2022-04-17,6,46,0,4,54,3,3,49,3,1,63,61,35,9
2022-04-18,6,46,0,4,54,3,3,49,3,1,63,61,35,9
2022-04-19,6,46,0,4,54,3,3,49,3,1,63,61,35,9
2022-04-20,6,46,0,4,54,3,3,49,3,1,63,61,35,9
2022-04-21,6,46,0,4,54,3,3,49,3,1,63,61,35,9
2022-04-22,6,46,0,4,54,3,3,49,3,1,63,61,35,9
2022-04-23,6,46,0,4,54,3,3,49,3,1,63,61,35,9
2022-04-24,6,46,0,4,57,3,3,51,3,1,63,60,36,10
2022-04-25,6,46,0,4,57,3,3,51,3,1,63,60,36,10
2022-04-26,6,46,0,4,57,3,3,51,3,1,63,60,36,10
2022-04-27,6,46,0,4,57,3,3,51,3,1,63,60,36,10
2022-04-28,6,46,0,4,57,3,3,51,3,1,63,60,36,10
2022-04-29,6,46,0,4,57,3,3,51,3,1,63,60,36,10
2022-04-30,6,46,0,4,57,3,3,51,3,1,63,60,36,10
2022-05-01,7,47,0,4,59,3,4,57,3,1,67,60,37,10
2022-05-02,7,47,0,4,59,3,4,57,3,1,67,60,37,10
2022-05-03,7,47,0,4,59,3,4,57,3,1,67,60,37,10
2022-05-04,7,47,0,4,59,3,4,57,3,1,67,60,37,10
2022-05-05,7,47,0,4,59,3,4,57,3,1,67,60,37,10
2022-05-06,7,47,0,4,59,3,4,57,3,1,67,60,37,10
2022-05-07,7,47,0,4,59,3,4,57,3,1,67,60,37,10
2022-05-08,7,48,0,4,62,4,4,55,3,1,66,61,37,10
2022-05-09,7,48,0,4,62,4,4,55,3,1,66,61,37,10
2022-05-10,7,48,0,4,62,4,4,55,3,1,66,61,37,10
2022-05-11,7,48,0,4,62,4,4,55,3,1,66,61,37,10
2022-05-12,7,48,0,4,62,4,4,55,3,1,66,61,37,10
2022-05-13,7,48,0,4,62,4,4,55,3,1,66,61,37,10
2022-05-14,7,48,0,4,62,4,4,55,3,1,66,61,37,10
2022-05-15,6,48,0,4,61,4,4,53,3,1,66,61,37,10
2022-05-16,6,48,0,4,61,4,4,53,3,1,66,61,37,10
2022-05-17,6,48,0,4,61,4,4,53,3,1,66,61,37,10
2022-05-18,6,48,0,4,61,4,4,53,3,1,66,61,37,10
2022-05-19,6,48,0,4,61,4,4,53,3,1,66,61,37,10
2022-05-20,6,48,0,4,61,4,4,53,3,1,66,61,37,10
2022-05-21,6,48,0,4,61,4,4,53,3,1,66,61,37,10
2022-05-22,6,46,0,4,64,4,4,62,3,1,70,62,38,10
2022-05-23,6,46,0,4,64,4,4,62,3,1,70,62,38,10
2022-05-24,6,46,0,4,64,4,4,62,3,1,70,62,38,10
2022-05-25,6,46,0,4,64,4,4,62,3,1,70,62,38,10
2022-05-26,6,46,0,4,64,4,4,62,3,1,70,62,38,10
2022-05-27,6,46,0,4,64,4,4,62,3,1,70,62,38,10
2022-05-28,6,46,0,4,64,4,4,62,3,1,70,62,38,10
2022-05-29,6,49,0,4,68,4,4,61,3,1,71,66,36,10
2022-05-30,6,49,0,4,68,4,4,61,3,1,71,66,36,10
2022-05-31,6,49,0,4,68,4,4,61,3,1,71,66,36,10
2022-06-01,6,49,0,4,68,4,4,61,3,1,71,66,36,10
2022-06-02,6,49,0,4,68,4,4,61,3,1,71,66,36,10
2022-06-03,6,49,0,4,68,4,4,61,3,1,71,66,36,10
2022-06-04,6,49,0,4,68,4,4,61,3,1,71,66,36,10
2022-06-05,7,51,0,4,72,5,5,59,3,1,76,70,39,11
2022-06-06,7,51,0,4,72,5,5,59,3,1,76,70,39,11
2022-06-07,7,51,0,4,72,5,5,59,3,1,76,70,39,11
2022-06-08,7,51,0,4,72,5,5,59,3,1,76,70,39,11
2022-06-09,7,51,0,4,72,5,5,59,3,1,76,70,39,11
2022-06-10,7,51,0,4,72,5,5,59,3,1,76,70,39,11
2022-06-11,7,51,0,4,72,5,5,59,3,1,76,70,39,11
2022-06-12,7,51,0,4,70,4,5,61,4,1,73,66,38,10
2022-06-13,7,51,0,4,70,4,5,61,4,1,73,66,38,10
2022-06-14,7,51,0,4,70,4,5,61,4,1,73,66,38,10
2022-06-15,7,51,0,4,70,4,5,61,4,1,73,66,38,10
2022-06-16,7,51,0,4,70,4,5,61,4,1,73,66,38,10
2022-06-17,7,51,0,4,70,4,5,61,4,1,73,66,38,10
2022-06-18,7,51,0,4,70,4,5,61,4,1,73,66,38,10
2022-06-19,7,51,0,3,74,5,5,71,4,1,73,70,40,11
2022-06-20,7,51,0,3,74,5,5,71,4,1,73,70,40,11
2022-06-21,7,51,0,3,74,5,5,71,4,1,73,70,40,11
2022-06-22,7,51,0,3,74,5,5,71,4,1,73,70,40,11
2022-06-23,7,51,0,3,74,5,5,71,4,1,73,70,40,11
2022-06-24,7,51,0,3,74,5,5,71,4,1,73,70,40,11
2022-06-25,7,51,0,3,74,5,5,71,4,1,73,70,40,11
2022-06-26,7,51,0,3,84,5,5,70,4,1,71,69,38,11
2022-06-27,7,51,0,3,84,5,5,70,4,1,71,69,38,11
2022-06-28,7,51,0,3,84,5,5,70,4,1,71,69,38,11
2022-06-29,7,51,0,3,84,5,5,70,4,1,71,69,38,11
2022-06-30,7,51,0,3,84,5,5,70,4,1,71,69,38,11
2022-07-01,7,51,0,3,84,5,5,70,4,1,71,69,38,11
2022-07-02,7,51,0,3,84,5,5,70,4,1,71,69,38,11
2022-07-03,6,48,0,3,88,5,5,71,3,1,70,69,39,11
2022-07-04,6,48,0,3,88,5,5,71,3,1,70,69,39,11
2022-07-05,6,48,0,3,88,5,5,71,3,1,70,69,39,11
2022-07-06,6,48,0,3,88,5,5,71,3,1,70,69,39,11
2022-07-07,6,48,0,3,88,5,5,71,3,1,70,69,39,11
2022-07-08,6,48,0,3,88,5,5,71,3,1,70,69,39,11
2022-07-09,6,48,0,3,88,5,5,71,3,1,70,69,39,11
2022-07-10,6,48,0,3,84,4,5,79,3,1,71,67,40,10
2022-07-11,6,48,0,3,84,4,5,79,3,1,71,67,40,10
2022-07-12,6,48,0,3,84,4,5,79,3,1,71,67,40,10
2022-07-13,6,48,0,3,84,4,5,79,3,1,71,67,40,10
2022-07-14,6,48,0,3,84,4,5,79,3,1,71,67,40,10
2022-07-15,6,48,0,3,84,4,5,79,3,1,71,67,40,10
2022-07-16,6,48,0,3,84,4,5,79,3,1,71,67,40,10
2022-07-17,7,48,0,3,84,5,5,74,4,1,71,66,40,10
2022-07-18,7,48,0,3,84,5,5,74,4,1,71,66,40,10
2022-07-19,7,48,0,3,84,5,5,74,4,1,71,66,40,10
2022-07-20,7,48,0,3,84,5,5,74,4,1,71,66,40,10
2022-07-21,7,48,0,3,84,5,5,74,4,1,71,66,40,10
2022-07-22,7,48,0,3,84,5,5,74,4,1,71,66,40,10
2022-07-23,7,48,0,3,84,5,5,74,4,1,71,66,40,10
2022-07-24,6,47,0,3,85,5,5,76,4,1,73,66,36,10
2022-07-25,6,47,0,3,85,5,5,76,4,1,73,66,36,10
2022-07-26,6,47,0,3,85,5,5,76,4,1,73,66,36,10
2022-07-27,6,47,0,3,85,5,5,76,4,1,73,66,36,10
2022-07-28,6,47,0,3,85,5,5,76,4,1,73,66,36,10
2022-07-29,6,47,0,3,85,5,5,76,4,1,73,66,36,10
2022-07-30,6,47,0,3,85,5,5,76,4,1,73,66,36,10
2022-07-31,6,47,0,3,79,5,5,68,3,1,81,69,40,10
2022-08-01,6,47,0,3,79,5,5,68,3,1,81,69,40,10
2022-08-02,6,47,0,3,79,5,5,68,3,1,81,69,40,10
2022-08-03,6,47,0,3,79,5,5,68,3,1,81,69,40,10
2022-08-04,6,47,0,3,79,5,5,68,3,1,81,69,40,10
2022-08-05,6,47,0,3,79,5,5,68,3,1,81,69,40,10
2022-08-06,6,47,0,3,79,5,5,68,3,1,81,69,40,10
2022-08-07,6,45,0,3,77,4,5,70,4,1,89,73,40,10
2022-08-08,6,45,0,3,77,4,5,70,4,1,89,73,40,10
2022-08-09,6,45,0,3,77,4,5,70,4,1,89,73,40,10
2022-08-10,6,45,0,3,77,4,5,70,4,1,89,73,40,10
2022-08-11,6,45,0,3,77,4,5,70,4,1,89,73,40,10
2022-08-12,6,45,0,3,77,4,5,70,4,1,89,73,40,10
2022-08-13,6,45,0,3,77,4,5,70,4,1,89,73,40,10
2022-08-14,6,46,0,3,78,4,4,71,3,1,80,72,37,10
2022-08-15,6,46,0,3,78,4,4,71,3,1,80,72,37,10
2022-08-16,6,46,0,3,78,4,4,71,3,1,80,72,37,10
2022-08-17,6,46,0,3,78,4,4,71,3,1,80,72,37,10
2022-08-18,6,46,0,3,78,4,4,71,3,1,80,72,37,10
2022-08-19,6,46,0,3,78,4,4,71,3,1,80,72,37,10
2022-08-20,6,46,0,3,78,4,4,71,3,1,80,72,37,10
2022-08-21,6,45,0,3,69,4,4,62,3,1,77,68,35,10
2022-08-22,6,45,0,3,69,4,4,62,3,1,77,68,35,10
2022-08-23,6,45,0,3,69,4,4,62,3,1,77,68,35,10
2022-08-24,6,45,0,3,69,4,4,62,3,1,77,68,35,10
2022-08-25,6,45,0,3,69,4,4,62,3,1,77,68,35,10
2022-08-26,6,45,0,3,69,4,4,62,3,1,77,68,35,10
2022-08-27,6,45,0,3,69,4,4,62,3,1,77,68,35,10
2022-08-28,6,45,0,3,69,5,4,62,3,1,73,69,35,9
2022-08-29,6,45,0,3,69,5,4,62,3,1,73,69,35,9
2022-08-30,6,45,0,3,69,5,4,62,3,1,73,69,35,9
2022-08-31,6,45,0,3,69,5,4,62,3,1,73,69,35,9
2022-09-01,6,45,0,3,69,5,4,62,3,1,73,69,35,9
2022-09-02,6,45,0,3,69,5,4,62,3,1,73,69,35,9
2022-09-03,6,45,0,3,69,5,4,62,3,1,73,69,35,9
2022-09-04,6,46,0,2,66,4,4,61,3,1,73,67,33,9
2022-09-05,6,46,0,2,66,4,4,61,3,1,73,67,33,9
2022-09-06,6,46,0,2,66,4,4,61,3,1,73,67,33,9
2022-09-07,6,46,0,2,66,4,4,61,3,1,73,67,33,9
2022-09-08,6,46,0,2,66,4,4,61,3,1,73,67,33,9
2022-09-09,6,46,0,2,66,4,4,61,3,1,73,67,33,9
2022-09-10,6,46,0,2,66,4,4,61,3,1,73,67,33,9
2022-09-11,5,44,0,2,64,4,3,60,3,1,68,66,32,9
2022-09-12,5,44,0,2,64,4,3,60,3,1,68,66,32,9
2022-09-13,5,44,0,2,64,4,3,60,3,1,68,66,32,9
2022-09-14,5,44,0,2,64,4,3,60,3,1,68,66,32,9
2022-09-15,5,44,0,2,64,4,3,60,3,1,68,66,32,9
2022-09-16,5,44,0,2,64,4,3,60,3,1,68,66,32,9
2022-09-17,5,44,0,2,64,4,3,60,3,1,68,66,32,9
2022-09-18,6,43,0,3,61,3,3,59,3,1,72,65,32,9
2022-09-19,6,43,0,3,61,3,3,59,3,1,72,65,32,9
2022-09-20,6,43,0,3,61,3,3,59,3,1,72,65,32,9
2022-09-21,6,43,0,3,61,3,3,59,3,1,72,65,32,9
2022-09-22,6,43,0,3,61,3,3,59,3,1,72,65,32,9
2022-09-23,6,43,0,3,61,3,3,59,3,1,72,65,32,9
2022-09-24,6,43,0,3,61,3,3,59,3,1,72,65,32,9
2022-09-25,5,43,0,3,61,4,3,55,4,1,77,67,31,9
2022-09-26,5,43,0,3,61,4,3,55,4,1,77,67,31,9
2022-09-27,5,43,0,3,61,4,3,55,4,1,77,67,31,9
2022-09-28,5,43,0,3,61,4,3,55,4,1,77,67,31,9
2022-09-29,5,43,0,3,61,4,3,55,4,1,77,67,31,9
2022-09-30,5,43,0,3,61,4,3,55,4,1,77,67,31,9
2022-10-01,5,43,0,3,61,4,3,55,4,1,77,67,31,9
2022-10-02,5,45,0,2,60,4,3,58,3,1,78,64,31,9
2022-10-03,5,45,0,2,60,4,3,58,3,1,78,64,31,9
2022-10-04,5,45,0,2,60,4,3,58,3,1,78,64,31,9
2022-10-05,5,45,0,2,60,4,3,58,3,1,78,64,31,9
2022-10-06,5,45,0,2,60,4,3,58,3,1,78,64,31,9
2022-10-07,5,45,0,2,60,4,3,58,3,1,78,64,31,9
2022-10-08,5,45,0,2,60,4,3,58,3,1,78,64,31,9
2022-10-09,6,43,0,2,62,4,3,58,3,1,73,62,30,8
2022-10-10,6,43,0,2,62,4,3,58,3,1,73,62,30,8
2022-10-11,6,43,0,2,62,4,3,58,3,1,73,62,30,8
2022-10-12,6,43,0,2,62,4,3,58,3,1,73,62,30,8
2022-10-13,6,43,0,2,62,4,3,58,3,1,73,62,30,8
2022-10-14,6,43,0,2,62,4,3,58,3,1,73,62,30,8
2022-10-15,6,43,0,2,62,4,3,58,3,1,73,62,30,8
2022-10-16,5,38,0,2,53,4,3,53,3,0,75,65,29,9
2022-10-17,5,38,0,2,53,4,3,53,3,0,75,65,29,9
2022-10-18,5,38,0,2,53,4,3,53,3,0,75,65,29,9
2022-10-19,5,38,0,2,53,4,3,53,3,0,75,65,29,9
2022-10-20,5,38,0,2,53,4,3,53,3,0,75,65,29,9
2022-10-21,5,38,0,2,53,4,3,53,3,0,75,65,29,9
2022-10-22,5,38,0,2,53,4,3,53,3,0,75,65,29,9
2022-10-23,5,40,0,2,54,3,3,53,3,1,74,60,29,9
2022-10-24,5,40,0,2,54,3,3,53,3,1,74,60,29,9
2022-10-25,5,40,0,2,54,3,3,53,3,1,74,60,29,9
2022-10-26,5,40,0,2,54,3,3,53,3,1,74,60,29,9
2022-10-27,5,40,0,2,54,3,3,53,3,1,74,60,29,9
2022-10-28,5,40,0,2,54,3,3,53,3,1,74,60,29,9
2022-10-29,5,40,0,2,54,3,3,53,3,1,74,60,29,9
2022-10-30,5,41,0,2,52,3,3,56,3,0,72,62,28,9
2022-10-31,5,41,0,2,52,3,3,56,3,0,72,62,28,9
2022-11-01,5,41,0,2,52,3,3,56,3,0,72,62,28,9
2022-11-02,5,41,0,2,52,3,3,56,3,0,72,62,28,9
2022-11-03,5,41,0,2,52,3,3,56,3,0,72,62,28,9
2022-11-04,5,41,0,2,52,3,3,56,3,0,72,62,28,9
2022-11-05,5,41,0,2,52,3,3,56,3,0,72,62,28,9
2022-11-06,6,41,0,2,52,3,3,51,3,0,71,59,28,8
2022-11-07,6,41,0,2,52,3,3,51,3,0,71,59,28,8
2022-11-08,6,41,0,2,52,3,3,51,3,0,71,59,28,8
2022-11-09,6,41,0,2,52,3,3,51,3,0,71,59,28,8
2022-11-10,6,41,0,2,52,3,3,51,3,0,71,59,28,8
2022-11-11,6,41,0,2,52,3,3,51,3,0,71,59,28,8
2022-11-12,6,41,0,2,52,3,3,51,3,0,71,59,28,8
2022-11-13,5,41,0,2,57,3,3,53,3,0,66,59,28,8
2022-11-14,5,41,0,2,57,3,3,53,3,0,66,59,28,8
2022-11-15,5,41,0,2,57,3,3,53,3,0,66,59,28,8
2022-11-16,5,41,0,2,57,3,3,53,3,0,66,59,28,8
2022-11-17,5,41,0,2,57,3,3,53,3,0,66,59,28,8
2022-11-18,5,41,0,2,57,3,3,53,3,0,66,59,28,8
2022-11-19,5,41,0,2,57,3,3,53,3,0,66,59,28,8
2022-11-20,5,36,0,2,62,3,3,52,3,0,67,55,25,8
2022-11-21,5,36,0,2,62,3,3,52,3,0,67,55,25,8
2022-11-22,5,36,0,2,62,3,3,52,3,0,67,55,25,8
2022-11-23,5,36,0,2,62,3,3,52,3,0,67,55,25,8
2022-11-24,5,36,0,2,62,3,3,52,3,0,67,55,25,8
2022-11-25,5,36,0,2,62,3,3,52,3,0,67,55,25,8
2022-11-26,5,36,0,2,62,3,3,52,3,0,67,55,25,8
2022-11-27,5,41,0,2,59,3,3,53,3,0,67,59,28,8
2022-11-28,5,41,0,2,59,3,3,53,3,0,67,59,28,8
2022-11-29,5,41,0,2,59,3,3,53,3,0,67,59,28,8
2022-11-30,5,41,0,2,59,3,3,53,3,0,67,59,28,8
2022-12-01,5,41,0,2,59,3,3,53,3,0,67,59,28,8
2022-12-02,5,41,0,2,59,3,3,53,3,0,67,59,28,8
2022-12-03,5,41,0,2,59,3,3,53,3,0,67,59,28,8
2022-12-04,5,36,0,2,52,3,3,54,2,0,70,56,27,8
2022-12-05,5,36,0,2,52,3,3,54,2,0,70,56,27,8
2022-12-06,5,36,0,2,52,3,3,54,2,0,70,56,27,8
2022-12-07,5,36,0,2,52,3,3,54,2,0,70,56,27,8
2022-12-08,5,36,0,2,52,3,3,54,2,0,70,56,27,8
2022-12-09,5,36,0,2,52,3,3,54,2,0,70,56,27,8
2022-12-10,5,36,0,2,52,3,3,54,2,0,70,56,27,8
2022-12-11,5,39,0,2,60,3,3,55,3,0,75,64,27,9
2022-12-12,5,39,0,2,60,3,3,55,3,0,75,64,27,9
2022-12-13,5,39,0,2,60,3,3,55,3,0,75,64,27,9
2022-12-14,5,39,0,2,60,3,3,55,3,0,75,64,27,9
2022-12-15,5,39,0,2,60,3,3,55,3,0,75,64,27,9
2022-12-16,5,39,0,2,60,3,3,55,3,0,75,64,27,9
2022-12-17,5,39,0,2,60,3,3,55,3,0,75,64,27,9
2022-12-18,5,44,0,2,66,4,4,57,3,0,74,62,28,9
2022-12-19,5,44,0,2,66,4,4,57,3,0,74,62,28,9
2022-12-20,5,44,0,2,66,4,4,57,3,0,74,62,28,9
2022-12-21,5,44,0,2,66,4,4,57,3,0,74,62,28,9
2022-12-22,5,44,0,2,66,4,4,57,3,0,74,62,28,9
2022-12-23,5,44,0,2,66,4,4,57,3,0,74,62,28,9
2022-12-24,5,44,0,2,66,4,4,57,3,0,74,62,28,9
2022-12-25,6,52,0,3,68,4,4,70,4,1,80,63,32,10
2022-12-26,6,52,0,3,68,4,4,70,4,1,80,63,32,10
2022-12-27,6,52,0,3,68,4,4,70,4,1,80,63,32,10
2022-12-28,6,52,0,3,68,4,4,70,4,1,80,63,32,10
2022-12-29,6,52,0,3,68,4,4,70,4,1,80,63,32,10
2022-12-30,6,52,0,3,68,4,4,70,4,1,80,63,32,10
2022-12-31,6,52,0,3,68,4,4,70,4,1,80,63,32,10
2023-01-01,7,55,0,3,68,4,3,59,3,1,71,62,31,10
2023-01-02,7,55,0,3,68,4,3,59,3,1,71,62,31,10
2023-01-03,7,55,0,3,68,4,3,59,3,1,71,62,31,10
2023-01-04,7,55,0,3,68,4,3,59,3,1,71,62,31,10
2023-01-05,7,55,0,3,68,4,3,59,3,1,71,62,31,10
2023-01-06,7,55,0,3,68,4,3,59,3,1,71,62,31,10
2023-01-07,7,55,0,3,68,4,3,59,3,1,71,62,31,10
2023-01-08,6,58,0,3,76,4,3,58,4,1,66,60,32,9
2023-01-09,6,58,0,3,76,4,3,58,4,1,66,60,32,9
2023-01-10,6,58,0,3,76,4,3,58,4,1,66,60,32,9
2023-01-11,6,58,0,3,76,4,3,58,4,1,66,60,32,9
2023-01-12,6,58,0,3,76,4,3,58,4,1,66,60,32,9
2023-01-13,6,58,0,3,76,4,3,58,4,1,66,60,32,9
2023-01-14,6,58,0,3,76,4,3,58,4,1,66,60,32,9
2023-01-15,6,51,0,2,60,4,4,60,3,1,65,59,32,10
